{"stats":{"minecraft:used":{"minecraft:flint_and_steel":4,"minecraft:redstone":1,"tacz:gun_smith_table":3,"minecraft:spruce_planks":19,"minecraft:shield":47,"minecraft:stone":34,"minecraft:dirt":18,"minecraft:nether_bricks":2,"minecraft:diamond_helmet":1,"minecraft:obsidian":4,"minecraft:spruce_boat":1,"stalwart_dungeons:soul_magma_bricks":1,"minecraft:diamond_chestplate":1,"minecraft:furnace":2,"tombstone:gift":6,"minecraft:cobbled_deepslate":22,"minecraft:diamond_boots":1,"minecraft:stone_pickaxe":7,"minecraft:diamond_axe":233,"minecraft:polished_blackstone_bricks":2,"stalwart_dungeons:soul_bricks":8,"minecraft:crafting_table":8,"minecraft:diamond_pickaxe":338,"tombstone:magic_scroll":1,"minecraft:spruce_sapling":7,"minecraft:stone_axe":12,"stalwart_dungeons:soul_tiles":2,"minecraft:cobblestone":44,"minecraft:cooked_porkchop":8,"minecraft:porkchop":136,"minecraft:bone_meal":28,"minecraft:diamond_leggings":1},"minecraft:mined":{"minecraft:spruce_planks":1,"stalwart_dungeons:soul_bricks":11,"minecraft:deepslate_diamond_ore":14,"minecraft:obsidian":1,"minecraft:gray_stained_glass_pane":1,"minecraft:nether_bricks":11,"minecraft:chiseled_polished_blackstone":1,"minecraft:grass_block":16,"minecraft:cracked_polished_blackstone_bricks":3,"minecraft:redstone_wire":3,"minecraft:spruce_leaves":31,"tacz:gun_smith_table":2,"minecraft:nether_wart":13,"minecraft:gilded_blackstone":1,"minecraft:spawner":5,"minecraft:polished_blackstone_bricks":4,"minecraft:spruce_sapling":2,"minecraft:furnace":1,"minecraft:iron_ore":41,"minecraft:fire":2,"minecraft:stripped_spruce_log":1,"minecraft:deepslate_lapis_ore":10,"minecraft:nether_brick_fence":5,"minecraft:deepslate_iron_ore":70,"stalwart_dungeons:soul_magma_bricks":2,"minecraft:stone":68,"minecraft:deepslate_redstone_ore":7,"stalwart_dungeons:soul_tiles":6,"minecraft:crafting_table":3,"minecraft:chest":16,"minecraft:tall_grass":5,"minecraft:cobblestone":4,"minecraft:lapis_ore":2,"minecraft:spruce_log":31,"minecraft:dirt":13,"minecraft:dispenser":1,"minecraft:deepslate":61},"minecraft:custom":{"minecraft:mob_kills":126,"minecraft:interact_with_crafting_table":27,"minecraft:leave_game":7,"minecraft:time_since_death":13180,"minecraft:damage_resisted":575,"minecraft:sprint_one_cm":785522,"minecraft:walk_one_cm":343962,"minecraft:damage_blocked_by_shield":490,"minecraft:drop":97,"minecraft:play_time":175559,"minecraft:deaths":5,"minecraft:sneak_time":7712,"minecraft:walk_under_water_one_cm":42076,"minecraft:boat_one_cm":79200,"tombstone:tomb_raiding":5,"minecraft:interact_with_lectern":1,"minecraft:jump":3617,"minecraft:interact_with_blast_furnace":1,"minecraft:walk_on_water_one_cm":69975,"minecraft:total_world_time":175559,"minecraft:interact_with_furnace":12,"minecraft:time_since_rest":12871,"minecraft:damage_taken":4948,"minecraft:damage_dealt":12740,"minecraft:swim_one_cm":292155,"minecraft:fly_one_cm":813579,"minecraft:player_kills":7,"minecraft:open_chest":29,"minecraft:crouch_one_cm":31532,"tombstone:undead_killed":69,"minecraft:fall_one_cm":77454,"minecraft:inspect_dispenser":1},"minecraft:dropped":{"minecraft:enchanted_book":1,"minecraft:porkchop":53,"stalwart_dungeons:soul_magma_bricks":5,"minecraft:wheat_seeds":4,"minecraft:golden_horse_armor":1,"minecraft:cobblestone":14,"minecraft:spectral_arrow":20,"doom:bullets":30,"minecraft:coal":1,"minecraft:stick":4,"irons_spellbooks:scroll":1,"stalwart_dungeons:soul_bricks":1,"minecraft:dirt":1,"tombstone:grave_key":1,"minecraft:wooden_sword":1,"tacz:modern_kinetic_gun":3,"minecraft:bone_meal":8,"tombstone:scroll_of_preservation":1,"irons_spellbooks:emerald_stoneplate_ring":1,"stalwart_dungeons:soul_tiles":6,"minecraft:bone":6,"minecraft:redstone":1,"minecraft:stone_axe":2,"minecraft:nether_wart":30,"minecraft:golden_chestplate":1,"minecraft:cobbled_deepslate":18,"minecraft:raw_iron":15,"doom:shotgun_shells":1,"minecraft:nether_brick_fence":4,"minecraft:nether_bricks":4,"minecraft:spruce_boat":2,"minecraft:stone_pickaxe":2,"minecraft:wooden_pickaxe":2,"doom:daisy":3,"minecraft:ghast_tear":5,"minecraft:quartz":7,"minecraft:splash_potion":1},"minecraft:killed":{"doom:possessed_scientist":1,"doom:revenant2016":1,"doom:lost_soul":10,"doom:possessed_soldier":1,"doom:imp":8,"doom:unwilling":5,"doom:blood_maykr":1,"doom:turret":2,"doom:maykr_drone":8,"doom:cueball":1,"doom:stone_imp":15,"minecraft:pig":48,"doom:spectre":2,"doom:zombieman":3,"doom:chaingunner":1,"doom:shotgunguy":2,"stalwart_dungeons:incomplete_wither":5,"minecraft:wither_skeleton":1,"doom:gargoyle":2,"minecraft:blaze":6},"minecraft:killed_by":{"minecraft:player":3,"doom:zombieman":1},"minecraft:picked_up":{"irons_spellbooks:scroll":2,"minecraft:crafting_table":3,"minecraft:splash_potion":1,"minecraft:nether_brick_fence":4,"minecraft:nether_wart":51,"doom:shotgun_shells":3,"minecraft:wooden_pickaxe":1,"minecraft:enchanted_book":1,"minecraft:diamond_horse_armor":1,"tombstone:scroll_of_preservation":1,"stalwart_dungeons:soul_bricks":9,"doom:daisy":2,"irons_spellbooks:arcane_essence":7,"minecraft:cobbled_deepslate":48,"minecraft:spruce_planks":1,"irons_spellbooks:emerald_stoneplate_ring":1,"minecraft:chest":3,"minecraft:furnace":1,"minecraft:stick":4,"minecraft:raw_iron":123,"minecraft:stone":34,"minecraft:porkchop":193,"minecraft:polished_blackstone_bricks":2,"tombstone:grave_dust":13,"minecraft:redstone":69,"stalwart_dungeons:soul_magma_bricks":6,"minecraft:nether_bricks":6,"minecraft:saddle":1,"minecraft:gold_ingot":4,"minecraft:blaze_rod":14,"minecraft:obsidian":5,"minecraft:bone_block":3,"minecraft:cobblestone":48,"doom:argent_bolt":5,"minecraft:lapis_lazuli":64,"minecraft:dirt":17,"tombstone:gift":1,"minecraft:bone":14,"minecraft:wheat_seeds":1,"minecraft:stone_pickaxe":1,"tacz:gun_smith_table":2,"minecraft:ghast_tear":5,"irons_spellbooks:frostward_ring":1,"minecraft:quartz":7,"stalwart_dungeons:soul_tiles":9,"doom:argent_energy":30,"minecraft:stripped_spruce_log":1,"minecraft:spruce_sapling":11,"minecraft:spruce_log":28,"minecraft:spectral_arrow":10,"doom:bullets":29,"tombstone:scroll_of_mercy":1,"minecraft:bundle":1,"minecraft:diamond":12,"minecraft:stone_axe":1,"minecraft:spruce_boat":2,"tacz:modern_kinetic_gun":1,"waystones:waystone":1,"minecraft:bone_meal":8,"minecraft:golden_horse_armor":2,"tombstone:magic_scroll":3,"minecraft:coal":7},"minecraft:broken":{"doom:soulcube":1},"minecraft:crafted":{"minecraft:furnace":1,"minecraft:bone_meal":45,"minecraft:diamond_helmet":1,"minecraft:diamond_leggings":1,"tombstone:grave_key":1,"minecraft:diamond_boots":1,"minecraft:spruce_boat":1,"minecraft:diamond_axe":1,"minecraft:crafting_table":2,"minecraft:spruce_planks":56,"tacz:gun_smith_table":1,"minecraft:air":0,"minecraft:diamond_pickaxe":1,"minecraft:iron_ingot":61,"minecraft:iron_block":1,"minecraft:diamond_chestplate":1}},"DataVersion":3465}