{"stats":{"minecraft:used":{"minecraft:diamond_boots":1,"minecraft:flint_and_steel":4,"minecraft:stone_pickaxe":7,"minecraft:redstone":1,"minecraft:spruce_planks":19,"minecraft:shield":47,"minecraft:stone":8,"minecraft:diamond_axe":173,"minecraft:polished_blackstone_bricks":2,"minecraft:dirt":18,"minecraft:crafting_table":7,"minecraft:nether_bricks":2,"minecraft:diamond_helmet":1,"minecraft:obsidian":4,"minecraft:spruce_boat":1,"minecraft:diamond_pickaxe":217,"tombstone:magic_scroll":1,"minecraft:spruce_sapling":3,"minecraft:cobblestone":24,"minecraft:diamond_chestplate":1,"minecraft:stone_axe":12,"minecraft:porkchop":120,"minecraft:cooked_porkchop":8,"tombstone:gift":6,"minecraft:cobbled_deepslate":19,"minecraft:diamond_leggings":1},"minecraft:mined":{"minecraft:deepslate_redstone_ore":7,"minecraft:spruce_planks":1,"minecraft:deepslate_diamond_ore":14,"minecraft:gray_stained_glass_pane":1,"minecraft:obsidian":1,"minecraft:crafting_table":3,"minecraft:nether_bricks":11,"minecraft:chiseled_polished_blackstone":1,"minecraft:grass_block":15,"minecraft:chest":11,"minecraft:cracked_polished_blackstone_bricks":3,"minecraft:redstone_wire":3,"minecraft:tall_grass":4,"minecraft:cobblestone":4,"minecraft:spruce_leaves":21,"minecraft:nether_wart":13,"minecraft:gilded_blackstone":1,"minecraft:spawner":2,"minecraft:polished_blackstone_bricks":4,"minecraft:spruce_sapling":2,"minecraft:iron_ore":13,"minecraft:fire":2,"minecraft:spruce_log":7,"minecraft:deepslate_lapis_ore":8,"minecraft:nether_brick_fence":5,"minecraft:deepslate_iron_ore":56,"minecraft:dirt":10,"minecraft:dispenser":1,"minecraft:stone":24,"minecraft:deepslate":58},"minecraft:custom":{"minecraft:mob_kills":120,"minecraft:interact_with_crafting_table":7,"minecraft:leave_game":7,"minecraft:time_since_death":8632,"minecraft:damage_resisted":575,"minecraft:time_since_rest":8189,"minecraft:sprint_one_cm":688585,"minecraft:damage_taken":4220,"minecraft:walk_one_cm":294165,"minecraft:damage_blocked_by_shield":490,"minecraft:drop":40,"minecraft:damage_dealt":11131,"minecraft:swim_one_cm":266070,"minecraft:fly_one_cm":750745,"minecraft:player_kills":7,"minecraft:open_chest":21,"minecraft:play_time":151559,"minecraft:crouch_one_cm":26404,"minecraft:interact_with_lectern":1,"tombstone:undead_killed":63,"minecraft:deaths":3,"minecraft:sneak_time":6351,"tombstone:tomb_raiding":4,"minecraft:walk_under_water_one_cm":39996,"minecraft:boat_one_cm":79200,"minecraft:jump":3196,"minecraft:walk_on_water_one_cm":65789,"minecraft:total_world_time":151559,"minecraft:fall_one_cm":69133,"minecraft:inspect_dispenser":1},"minecraft:dropped":{"minecraft:enchanted_book":1,"minecraft:stone_axe":2,"minecraft:porkchop":53,"minecraft:wheat_seeds":3,"minecraft:golden_chestplate":1,"minecraft:nether_wart":25,"minecraft:raw_iron":1,"doom:shotgun_shells":1,"minecraft:cobblestone":14,"minecraft:nether_brick_fence":4,"minecraft:nether_bricks":4,"minecraft:stick":2,"irons_spellbooks:scroll":1,"minecraft:spruce_boat":2,"minecraft:wooden_sword":1,"tacz:modern_kinetic_gun":3,"minecraft:wooden_pickaxe":2,"minecraft:stone_pickaxe":2,"doom:daisy":2,"irons_spellbooks:emerald_stoneplate_ring":1},"minecraft:killed":{"doom:possessed_scientist":1,"doom:stone_imp":15,"doom:revenant2016":1,"minecraft:pig":48,"doom:spectre":2,"doom:lost_soul":10,"doom:possessed_soldier":1,"doom:imp":8,"doom:unwilling":4,"doom:shotgunguy":2,"doom:chaingunner":1,"doom:zombieman":3,"doom:blood_maykr":1,"doom:turret":2,"doom:maykr_drone":8,"minecraft:wither_skeleton":1,"doom:cueball":1,"doom:gargoyle":2,"minecraft:blaze":6},"minecraft:killed_by":{"minecraft:player":1,"doom:zombieman":1},"minecraft:picked_up":{"irons_spellbooks:scroll":2,"minecraft:crafting_table":3,"minecraft:nether_wart":46,"minecraft:nether_brick_fence":4,"doom:argent_bolt":5,"doom:shotgun_shells":3,"minecraft:wooden_pickaxe":1,"minecraft:enchanted_book":1,"minecraft:diamond_horse_armor":1,"minecraft:lapis_lazuli":38,"minecraft:dirt":17,"tombstone:gift":1,"doom:daisy":2,"minecraft:bone":2,"irons_spellbooks:arcane_essence":7,"minecraft:cobbled_deepslate":45,"minecraft:spruce_planks":1,"minecraft:stone_pickaxe":1,"irons_spellbooks:emerald_stoneplate_ring":1,"minecraft:chest":3,"minecraft:stick":2,"minecraft:raw_iron":67,"minecraft:stone":34,"irons_spellbooks:frostward_ring":1,"minecraft:porkchop":187,"minecraft:polished_blackstone_bricks":2,"doom:argent_energy":29,"minecraft:spruce_sapling":5,"tombstone:grave_dust":13,"minecraft:spruce_log":7,"minecraft:redstone":35,"doom:bullets":10,"minecraft:spruce_boat":2,"minecraft:diamond":12,"minecraft:stone_axe":1,"minecraft:nether_bricks":6,"waystones:waystone":1,"minecraft:golden_horse_armor":1,"minecraft:saddle":1,"minecraft:gold_ingot":4,"tombstone:magic_scroll":2,"minecraft:blaze_rod":14,"minecraft:obsidian":5,"minecraft:cobblestone":28},"minecraft:broken":{"doom:soulcube":1},"minecraft:crafted":{"minecraft:diamond_axe":1,"minecraft:crafting_table":2,"minecraft:spruce_planks":28,"minecraft:diamond_helmet":1,"minecraft:diamond_leggings":1,"minecraft:diamond_pickaxe":1,"minecraft:diamond_boots":1,"minecraft:spruce_boat":1,"minecraft:diamond_chestplate":1}},"DataVersion":3465}