{"stats":{"minecraft:used":{"minecraft:bone_block":6,"stalwart_dungeons:tungsten_boots":1,"minecraft:netherrack":56,"minecraft:dirt":122,"cataclysm:infernal_forge":607,"minecraft:soul_soil":1,"minecraft:furnace":6,"minecraft:oak_sapling":1,"tombstone:gift":6,"stalwart_dungeons:tungsten_chestplate":1,"minecraft:wither_skeleton_skull":2,"minecraft:oak_planks":10,"stalwart_dungeons:soul_bricks":113,"minecraft:crafting_table":2,"stalwart_dungeons:tungsten_helmet":1,"tombstone:bag_of_seeds":2,"stalwart_dungeons:tungsten_leggings":1,"tombstone:magic_scroll":2,"minecraft:stone_axe":14,"stalwart_dungeons:soul_tiles":3,"minecraft:cobblestone":46,"minecraft:potion":1,"minecraft:cooked_porkchop":34,"minecraft:porkchop":57,"minecraft:bucket":1,"minecraft:splash_potion":5},"minecraft:mined":{"stalwart_dungeons:soul_bricks":117,"minecraft:nether_bricks":14,"minecraft:grass_block":12,"minecraft:soul_soil":2,"minecraft:spawner":9,"minecraft:furnace":6,"minecraft:iron_ore":5,"minecraft:fire":2,"stalwart_dungeons:soul_magma_bricks":18,"minecraft:stone":143,"minecraft:soul_fire":3,"stalwart_dungeons:soul_tiles":6,"minecraft:crafting_table":1,"minecraft:cobblestone":1,"minecraft:wither_skeleton_wall_skull":2,"minecraft:tall_grass":1,"stalwart_dungeons:tungsten_ore":39,"minecraft:grass":1,"minecraft:oak_log":14,"minecraft:coal_ore":27,"minecraft:dirt":8,"stalwart_dungeons:pusher":2,"minecraft:netherrack":67,"minecraft:oak_leaves":9},"minecraft:custom":{"minecraft:mob_kills":63,"minecraft:interact_with_crafting_table":14,"minecraft:leave_game":11,"minecraft:time_since_death":41030,"minecraft:damage_resisted":4,"minecraft:sprint_one_cm":351143,"minecraft:walk_one_cm":239276,"minecraft:drop":54,"minecraft:play_time":110299,"minecraft:deaths":10,"minecraft:sneak_time":10828,"minecraft:walk_under_water_one_cm":25797,"tombstone:tomb_raiding":1,"minecraft:jump":2307,"minecraft:walk_on_water_one_cm":34871,"minecraft:total_world_time":110299,"minecraft:interact_with_furnace":35,"minecraft:time_since_rest":40992,"minecraft:damage_taken":6895,"tombstone:sneak_grave":5,"minecraft:damage_dealt":6833,"minecraft:swim_one_cm":96761,"minecraft:fly_one_cm":534635,"minecraft:player_kills":3,"minecraft:open_chest":24,"minecraft:crouch_one_cm":32914,"tombstone:undead_killed":21,"minecraft:fall_one_cm":38664},"minecraft:dropped":{"minecraft:porkchop":34,"stalwart_dungeons:soul_magma_bricks":19,"minecraft:polished_blackstone":2,"minecraft:glass_bottle":10,"minecraft:golden_horse_armor":1,"minecraft:cobblestone":3,"stalwart_dungeons:tungsten_shield":2,"minecraft:stick":1,"stalwart_dungeons:blaze_armor_scrap":5,"stalwart_dungeons:soul_bricks":14,"minecraft:dirt":13,"tombstone:grave_dust":1,"tacz:modern_kinetic_gun":1,"minecraft:bone_block":6,"minecraft:polished_blackstone_slab":2,"doom:energy_cells":1,"stalwart_dungeons:soul_tiles":3,"minecraft:bone":5,"minecraft:blackstone":1,"minecraft:soul_soil":1,"minecraft:soul_torch":4,"doom:argent_energy":2,"minecraft:blaze_rod":14,"minecraft:nether_brick":3,"minecraft:red_candle":3,"stalwart_dungeons:tungsten_axe":1,"minecraft:oak_sapling":1,"tacz:ammo":1,"stalwart_dungeons:pusher":2,"cataclysm:infernal_forge":1,"minecraft:ghast_tear":10,"minecraft:magma_block":3,"minecraft:quartz":22},"minecraft:killed":{"doom:possessed_scientist":1,"doom:whiplash":1,"doom:revenant2016":1,"doom:lost_soul":1,"doom:imp":2,"doom:unwilling":1,"stalwart_dungeons:nether_wart_cocoon":1,"minecraft:pig":11,"doom:spectre":2,"stalwart_dungeons:reinforced_blaze":29,"doom:shotgunguy":2,"doom:chaingunner":3,"doom:zombieman":1,"stalwart_dungeons:incomplete_wither":3,"doom:gargoyle":1,"doom:doom_hunter":2},"minecraft:killed_by":{"minecraft:player":2,"stalwart_dungeons:giddy_blaze":1,"cataclysm:netherite_monstrosity":1,"cataclysm:ignis":2,"doom:chaingunner":1,"stalwart_dungeons:reinforced_blaze":2},"minecraft:picked_up":{"minecraft:crafting_table":1,"cataclysm:monstrous_horn":1,"doom:shotgun_shells":2,"stalwart_dungeons:soul_bricks":122,"minecraft:nether_brick":1,"minecraft:soul_soil":2,"minecraft:red_candle":3,"tacz:ammo":180,"doom:chaingunbullets":3,"minecraft:furnace":6,"minecraft:stick":1,"minecraft:raw_iron":5,"minecraft:porkchop":113,"doom:energy_cells":1,"stalwart_dungeons:soul_magma_bricks":19,"stalwart_dungeons:raw_tungsten":39,"minecraft:nether_bricks":14,"stalwart_dungeons:tungsten_axe":1,"minecraft:polished_blackstone":2,"minecraft:blaze_rod":75,"minecraft:bone_block":6,"minecraft:cobblestone":142,"minecraft:magma_block":3,"minecraft:oak_log":14,"minecraft:wither_skeleton_skull":3,"minecraft:dirt":172,"stalwart_dungeons:blaze_armor_scrap":34,"minecraft:bone":5,"cataclysm:infernal_forge":2,"stalwart_dungeons:pusher":2,"stalwart_dungeons:tungsten_shield":1,"tombstone:bag_of_seeds":1,"minecraft:glass_bottle":5,"minecraft:ghast_tear":1,"minecraft:cooked_porkchop":19,"minecraft:quartz":11,"minecraft:polished_blackstone_slab":2,"stalwart_dungeons:soul_tiles":6,"doom:argent_energy":16,"doom:bullets":4,"minecraft:stone_axe":1,"tacz:modern_kinetic_gun":2,"tombstone:magic_scroll":1,"minecraft:oak_sapling":2,"minecraft:netherrack":63,"minecraft:coal":42},"minecraft:crafted":{"minecraft:oak_planks":28,"stalwart_dungeons:tungsten_leggings":1,"minecraft:furnace":5,"stalwart_dungeons:tungsten_helmet":1,"tombstone:grave_key":1,"stalwart_dungeons:tungsten_boots":1,"stalwart_dungeons:tungsten_ingot":39,"minecraft:cooked_porkchop":24,"minecraft:crafting_table":4,"minecraft:bucket":1,"minecraft:air":0,"stalwart_dungeons:tungsten_shield":1,"stalwart_dungeons:tungsten_chestplate":1,"minecraft:iron_ingot":5}},"DataVersion":3465}