{"stats":{"minecraft:dropped":{"minecraft:enchanted_book":13,"minecraft:iron_ingot":11,"minecraft:brown_mushroom":2,"minecraft:porkchop":98,"minecraft:wheat_seeds":1,"stalwart_dungeons:soul_magma_bricks":19,"minecraft:glass_bottle":11,"minecraft:polished_blackstone":2,"minecraft:golden_horse_armor":1,"minecraft:cooked_porkchop":2,"minecraft:lime_terracotta":16,"minecraft:cobblestone":12,"stalwart_dungeons:tungsten_shield":2,"doom:bullets":7,"minecraft:item_frame":2,"minecraft:stick":1,"stalwart_dungeons:blaze_armor_scrap":14,"irons_spellbooks:scroll":1,"stalwart_dungeons:soul_bricks":14,"minecraft:dirt":13,"stalwart_dungeons:tungsten_chestplate":2,"tombstone:magic_scroll":1,"stalwart_dungeons:tungsten_helmet":2,"minecraft:crimson_roots":1,"minecraft:nether_wart_block":1,"tombstone:grave_dust":1,"tacz:modern_kinetic_gun":1,"minecraft:bone_block":6,"minecraft:polished_blackstone_bricks":6,"doom:energy_cells":1,"minecraft:polished_blackstone_slab":2,"stalwart_dungeons:tungsten_boots":2,"stalwart_dungeons:soul_tiles":3,"minecraft:gold_ingot":12,"minecraft:bone":5,"minecraft:furnace":5,"minecraft:stone_axe":1,"minecraft:blackstone":1,"minecraft:soul_soil":1,"minecraft:green_terracotta":9,"minecraft:soul_torch":4,"doom:argent_energy":2,"stalwart_dungeons:tungsten_leggings":2,"minecraft:blaze_rod":22,"minecraft:nether_brick":25,"minecraft:raw_iron":2,"doom:shotgun_shells":3,"minecraft:oak_planks":1,"minecraft:nether_bricks":17,"minecraft:red_candle":3,"stalwart_dungeons:tungsten_axe":1,"minecraft:oak_sapling":1,"minecraft:golden_sword":1,"tacz:ammo":1,"stalwart_dungeons:pusher":2,"cataclysm:infernal_forge":1,"minecraft:ghast_tear":10,"minecraft:magma_block":3,"minecraft:quartz":22,"stalwart_dungeons:tungsten_ingot":4,"minecraft:netherrack":65},"minecraft:killed_by":{"minecraft:player":2,"stalwart_dungeons:giddy_blaze":1,"cataclysm:netherite_monstrosity":1,"cataclysm:ignis":2,"doom:chaingunner":1,"stalwart_dungeons:reinforced_blaze":2},"minecraft:picked_up":{"minecraft:crafting_table":3,"cataclysm:monstrous_horn":1,"doom:shotgun_shells":3,"minecraft:brown_mushroom":2,"minecraft:gold_block":2,"minecraft:enchanted_book":9,"minecraft:nether_brick":23,"stalwart_dungeons:soul_bricks":122,"minecraft:golden_sword":1,"minecraft:soul_soil":2,"minecraft:red_nether_bricks":1,"tacz:ammo":191,"minecraft:item_frame":2,"minecraft:red_candle":3,"minecraft:blackstone":44,"stalwart_dungeons:tungsten_helmet":1,"doom:chaingunbullets":3,"minecraft:furnace":6,"minecraft:stick":1,"minecraft:raw_iron":7,"minecraft:polished_blackstone_bricks":7,"minecraft:porkchop":177,"stalwart_dungeons:tungsten_chestplate":1,"stalwart_dungeons:tungsten_boots":1,"doom:energy_cells":1,"minecraft:green_terracotta":9,"stalwart_dungeons:soul_magma_bricks":19,"stalwart_dungeons:raw_tungsten":39,"minecraft:nether_bricks":21,"stalwart_dungeons:tungsten_axe":1,"minecraft:cyan_terracotta":1,"minecraft:gold_ingot":13,"minecraft:polished_blackstone":2,"minecraft:blaze_rod":86,"minecraft:obsidian":12,"minecraft:bone_block":6,"minecraft:cobblestone":276,"minecraft:enchanting_table":1,"minecraft:magma_block":3,"minecraft:basalt":46,"minecraft:oak_log":14,"minecraft:nether_wart_block":1,"minecraft:golden_boots":1,"minecraft:wither_skeleton_skull":3,"minecraft:gray_concrete":1,"minecraft:dirt":172,"stalwart_dungeons:blaze_armor_scrap":34,"minecraft:bone":5,"cataclysm:infernal_forge":2,"minecraft:wheat_seeds":1,"stalwart_dungeons:pusher":2,"stalwart_dungeons:tungsten_shield":1,"minecraft:iron_ingot":5,"tombstone:bag_of_seeds":1,"minecraft:glass_bottle":5,"minecraft:oak_planks":1,"minecraft:ghast_tear":1,"minecraft:chiseled_polished_blackstone":1,"minecraft:cooked_porkchop":21,"minecraft:quartz":12,"minecraft:lime_terracotta":16,"minecraft:polished_blackstone_slab":2,"stalwart_dungeons:soul_tiles":6,"doom:argent_energy":25,"doom:bullets":8,"minecraft:diamond":12,"minecraft:stone_axe":1,"tacz:modern_kinetic_gun":2,"stalwart_dungeons:tungsten_leggings":1,"tombstone:magic_scroll":2,"minecraft:oak_sapling":2,"minecraft:netherrack":340,"minecraft:coal":45,"minecraft:crimson_roots":1},"minecraft:custom":{"minecraft:mob_kills":114,"minecraft:interact_with_crafting_table":21,"minecraft:open_barrel":18,"minecraft:leave_game":13,"minecraft:time_since_death":115973,"minecraft:damage_resisted":12,"minecraft:climb_one_cm":548,"minecraft:sprint_one_cm":570929,"minecraft:walk_one_cm":388495,"minecraft:damage_blocked_by_shield":105,"minecraft:drop":130,"minecraft:play_time":185242,"minecraft:deaths":10,"minecraft:sneak_time":22594,"minecraft:walk_under_water_one_cm":26740,"tombstone:tomb_raiding":1,"minecraft:jump":3530,"minecraft:walk_on_water_one_cm":45700,"minecraft:total_world_time":185242,"minecraft:interact_with_furnace":35,"minecraft:time_since_rest":115935,"minecraft:damage_taken":10520,"minecraft:damage_absorbed":80,"tombstone:sneak_grave":5,"minecraft:damage_dealt":14421,"minecraft:swim_one_cm":103883,"minecraft:fly_one_cm":683870,"minecraft:player_kills":3,"minecraft:open_chest":47,"minecraft:crouch_one_cm":77309,"tombstone:undead_killed":40,"minecraft:fall_one_cm":77966},"minecraft:mined":{"stalwart_dungeons:soul_bricks":117,"minecraft:red_nether_bricks":1,"minecraft:obsidian":12,"minecraft:nether_bricks":23,"minecraft:grass_block":12,"minecraft:crimson_roots":4,"minecraft:soul_soil":2,"minecraft:spawner":9,"minecraft:polished_blackstone_bricks":4,"minecraft:furnace":6,"minecraft:iron_ore":7,"minecraft:fire":4,"minecraft:green_terracotta":9,"minecraft:gold_block":2,"minecraft:enchanting_table":1,"stalwart_dungeons:soul_magma_bricks":18,"minecraft:stone":276,"minecraft:brown_mushroom":2,"minecraft:gray_concrete":1,"minecraft:cyan_terracotta":1,"minecraft:blackstone":47,"minecraft:crimson_nylium":1,"minecraft:soul_fire":3,"minecraft:basalt":47,"stalwart_dungeons:soul_tiles":6,"minecraft:crafting_table":4,"minecraft:nether_quartz_ore":3,"minecraft:wither_skeleton_wall_skull":2,"minecraft:tall_grass":4,"minecraft:cobblestone":7,"minecraft:oak_planks":3,"stalwart_dungeons:tungsten_ore":39,"minecraft:nether_wart_block":1,"minecraft:grass":1,"minecraft:oak_log":14,"minecraft:coal_ore":30,"minecraft:lime_terracotta":16,"minecraft:dirt":8,"stalwart_dungeons:pusher":2,"minecraft:netherrack":294,"minecraft:oak_leaves":9},"minecraft:killed":{"doom:possessed_scientist":3,"doom:whiplash":2,"doom:revenant2016":1,"doom:pinky":1,"doom:lost_soul":2,"doom:possessed_soldier":3,"doom:imp":3,"doom:unwilling":2,"stalwart_dungeons:nether_wart_cocoon":3,"doom:turret":2,"doom:cueball":1,"minecraft:piglin_brute":1,"minecraft:magma_cube":3,"minecraft:piglin":5,"minecraft:pig":11,"doom:spectre":3,"stalwart_dungeons:reinforced_blaze":29,"stalwart_dungeons:giddy_blaze":20,"doom:shotgunguy":3,"doom:zombieman":4,"doom:chaingunner":3,"stalwart_dungeons:incomplete_wither":3,"doom:mechazombie":1,"doom:gargoyle":1,"doom:doom_hunter":2},"minecraft:used":{"minecraft:enchanting_table":1,"minecraft:bone_block":6,"minecraft:shield":8,"stalwart_dungeons:tungsten_boots":1,"minecraft:netherrack":276,"minecraft:dirt":122,"minecraft:nether_bricks":4,"minecraft:obsidian":8,"cataclysm:infernal_forge":1255,"minecraft:lava_bucket":2,"minecraft:basalt":34,"minecraft:soul_soil":1,"minecraft:golden_carrot":21,"minecraft:oak_sapling":1,"minecraft:furnace":6,"tombstone:gift":6,"minecraft:chiseled_polished_blackstone":1,"stalwart_dungeons:tungsten_chestplate":1,"minecraft:water_bucket":4,"minecraft:wither_skeleton_skull":2,"minecraft:red_nether_bricks":1,"minecraft:oak_planks":18,"minecraft:polished_blackstone_bricks":1,"minecraft:golden_apple":2,"stalwart_dungeons:soul_bricks":113,"minecraft:crafting_table":8,"stalwart_dungeons:tungsten_helmet":1,"tombstone:bag_of_seeds":2,"stalwart_dungeons:tungsten_leggings":1,"tombstone:magic_scroll":3,"minecraft:stone_axe":22,"stalwart_dungeons:soul_tiles":3,"minecraft:cobblestone":224,"minecraft:potion":2,"minecraft:porkchop":57,"minecraft:cooked_porkchop":45,"minecraft:bucket":7,"minecraft:splash_potion":5},"minecraft:crafted":{"minecraft:oak_planks":56,"stalwart_dungeons:tungsten_leggings":2,"minecraft:furnace":5,"stalwart_dungeons:tungsten_helmet":2,"tombstone:grave_key":1,"stalwart_dungeons:tungsten_boots":2,"stalwart_dungeons:tungsten_ingot":39,"minecraft:cooked_porkchop":24,"minecraft:crafting_table":5,"minecraft:enchanting_table":1,"minecraft:gold_block":7,"minecraft:bucket":1,"minecraft:air":0,"stalwart_dungeons:tungsten_shield":1,"stalwart_dungeons:tungsten_chestplate":2,"minecraft:shield":1,"minecraft:iron_ingot":41,"minecraft:iron_block":4,"minecraft:gold_ingot":36}},"DataVersion":3465}