{"stats":{"minecraft:mined":{"stalwart_dungeons:soul_bricks":3,"stalwart_dungeons:soul_tiles":3,"minecraft:grass":1,"minecraft:oak_log":4,"minecraft:dirt":4,"minecraft:cobblestone":1,"minecraft:stone":21,"minecraft:oak_leaves":7,"minecraft:spawner":1},"minecraft:used":{"tombstone:bag_of_seeds":2,"cataclysm:infernal_forge":39,"minecraft:oak_planks":6,"minecraft:dirt":91,"minecraft:cobblestone":8,"minecraft:potion":1,"minecraft:cooked_porkchop":19,"minecraft:porkchop":22,"tombstone:gift":2},"minecraft:killed":{"doom:chaingunner":1,"doom:shotgunguy":1,"doom:zombieman":1,"stalwart_dungeons:incomplete_wither":1,"minecraft:pig":7,"stalwart_dungeons:nether_wart_cocoon":1,"doom:gargoyle":1,"doom:doom_hunter":1},"minecraft:dropped":{"minecraft:dirt":9,"minecraft:blackstone":1,"minecraft:porkchop":3,"minecraft:red_candle":3,"minecraft:polished_blackstone":2,"minecraft:nether_brick":1,"minecraft:oak_sapling":1,"tacz:modern_kinetic_gun":1,"cataclysm:infernal_forge":1,"minecraft:polished_blackstone_slab":2},"minecraft:custom":{"minecraft:time_since_rest":5636,"minecraft:sprint_one_cm":155261,"minecraft:damage_taken":3634,"minecraft:walk_one_cm":109541,"tombstone:sneak_grave":5,"minecraft:mob_kills":14,"minecraft:drop":12,"minecraft:damage_dealt":871,"minecraft:swim_one_cm":60538,"minecraft:fly_one_cm":219949,"minecraft:player_kills":2,"minecraft:open_chest":4,"minecraft:crouch_one_cm":3425,"minecraft:play_time":50299,"tombstone:undead_killed":6,"minecraft:deaths":5,"minecraft:sneak_time":1393,"minecraft:walk_under_water_one_cm":9900,"tombstone:tomb_raiding":1,"minecraft:jump":962,"minecraft:leave_game":11,"minecraft:walk_on_water_one_cm":18318,"minecraft:time_since_death":6571,"minecraft:total_world_time":50299,"minecraft:damage_resisted":4,"minecraft:fall_one_cm":12933},"minecraft:killed_by":{"minecraft:player":2,"stalwart_dungeons:giddy_blaze":1,"cataclysm:netherite_monstrosity":1},"minecraft:picked_up":{"cataclysm:monstrous_horn":1,"doom:shotgun_shells":1,"minecraft:cooked_porkchop":19,"stalwart_dungeons:soul_tiles":3,"stalwart_dungeons:soul_bricks":4,"minecraft:polished_blackstone_slab":2,"minecraft:porkchop":79,"doom:argent_energy":6,"minecraft:nether_brick":1,"minecraft:oak_log":4,"doom:energy_cells":1,"doom:bullets":4,"minecraft:dirt":151,"minecraft:red_candle":3,"tacz:ammo":180,"minecraft:bone":3,"cataclysm:infernal_forge":2,"tacz:modern_kinetic_gun":2,"tombstone:bag_of_seeds":1,"doom:chaingunbullets":1,"minecraft:polished_blackstone":2,"minecraft:oak_sapling":1,"minecraft:blaze_rod":1,"minecraft:cobblestone":21},"minecraft:crafted":{"minecraft:oak_planks":16}},"DataVersion":3465}