{"stats":{"minecraft:custom":{"minecraft:mob_kills":175,"minecraft:interact_with_crafting_table":21,"minecraft:open_barrel":18,"minecraft:leave_game":17,"minecraft:time_since_death":28423,"minecraft:damage_resisted":279,"minecraft:climb_one_cm":548,"minecraft:sprint_one_cm":854522,"minecraft:walk_one_cm":567783,"minecraft:damage_blocked_by_shield":165,"minecraft:drop":160,"minecraft:play_time":281020,"minecraft:deaths":18,"minecraft:sneak_time":26562,"minecraft:walk_under_water_one_cm":43337,"tombstone:tomb_raiding":3,"minecraft:jump":5043,"minecraft:walk_on_water_one_cm":63666,"minecraft:total_world_time":281020,"minecraft:interact_with_furnace":40,"minecraft:time_since_rest":26024,"minecraft:damage_taken":15875,"minecraft:damage_absorbed":80,"tombstone:sneak_grave":5,"minecraft:damage_dealt":22706,"minecraft:swim_one_cm":155011,"minecraft:fly_one_cm":1096957,"minecraft:player_kills":7,"minecraft:open_chest":61,"minecraft:crouch_one_cm":89281,"tombstone:undead_killed":53,"minecraft:fall_one_cm":127548},"minecraft:killed_by":{"minecraft:player":6,"stalwart_dungeons:giddy_blaze":1,"cataclysm:netherite_monstrosity":1,"cataclysm:ignis":3,"doom:chaingunner":1,"doom:pinky":2,"stalwart_dungeons:reinforced_blaze":3},"minecraft:mined":{"stalwart_dungeons:soul_bricks":161,"minecraft:red_nether_bricks":1,"minecraft:obsidian":12,"minecraft:nether_bricks":30,"minecraft:grass_block":14,"minecraft:crimson_roots":4,"minecraft:soul_soil":3,"minecraft:cracked_nether_bricks":4,"minecraft:spawner":9,"minecraft:polished_blackstone_bricks":4,"minecraft:furnace":6,"minecraft:iron_ore":7,"minecraft:fire":5,"minecraft:green_terracotta":22,"minecraft:gold_block":2,"minecraft:enchanting_table":1,"stalwart_dungeons:soul_magma_bricks":20,"minecraft:iron_bars":1,"minecraft:stone":302,"minecraft:brown_mushroom":2,"minecraft:gray_concrete":1,"minecraft:blackstone":57,"minecraft:cyan_terracotta":1,"minecraft:crimson_nylium":1,"minecraft:soul_fire":3,"minecraft:basalt":126,"stalwart_dungeons:soul_tiles":6,"minecraft:crafting_table":4,"minecraft:nether_quartz_ore":3,"minecraft:wither_skeleton_wall_skull":2,"minecraft:tall_grass":4,"minecraft:cobblestone":10,"minecraft:oak_planks":3,"stalwart_dungeons:tungsten_ore":70,"minecraft:nether_wart_block":1,"minecraft:grass":1,"minecraft:coal_ore":30,"minecraft:oak_log":14,"minecraft:lime_terracotta":16,"minecraft:dirt":15,"stalwart_dungeons:pusher":2,"minecraft:netherrack":294,"minecraft:oak_leaves":9},"minecraft:picked_up":{"minecraft:crafting_table":3,"cataclysm:monstrous_horn":1,"doom:shotgun_shells":3,"minecraft:brown_mushroom":2,"minecraft:gold_block":2,"minecraft:enchanted_book":9,"minecraft:nether_brick":23,"stalwart_dungeons:soul_bricks":165,"minecraft:golden_sword":1,"minecraft:soul_soil":3,"minecraft:red_nether_bricks":1,"tacz:ammo":299,"minecraft:item_frame":2,"minecraft:red_candle":3,"minecraft:blackstone":55,"stalwart_dungeons:tungsten_helmet":1,"usefulbackpacks:backpack_small":1,"doom:chaingunbullets":3,"minecraft:furnace":6,"minecraft:raw_iron":7,"minecraft:stick":1,"minecraft:polished_blackstone_bricks":7,"minecraft:porkchop":284,"stalwart_dungeons:tungsten_chestplate":1,"stalwart_dungeons:tungsten_boots":1,"doom:energy_cells":1,"tombstone:grave_dust":5,"minecraft:green_terracotta":21,"stalwart_dungeons:soul_magma_bricks":21,"stalwart_dungeons:raw_tungsten":70,"minecraft:nether_bricks":28,"stalwart_dungeons:tungsten_axe":1,"minecraft:cyan_terracotta":1,"minecraft:gold_ingot":13,"minecraft:polished_blackstone":2,"minecraft:blaze_rod":106,"minecraft:obsidian":12,"minecraft:bone_block":6,"minecraft:cobblestone":305,"minecraft:enchanting_table":1,"minecraft:magma_block":3,"minecraft:basalt":121,"minecraft:magma_cream":1,"minecraft:oak_log":14,"minecraft:golden_boots":1,"minecraft:nether_wart_block":1,"minecraft:wither_skeleton_skull":3,"minecraft:gray_concrete":1,"minecraft:dirt":192,"stalwart_dungeons:blaze_armor_scrap":43,"minecraft:bone":5,"cataclysm:infernal_forge":2,"minecraft:wheat_seeds":1,"stalwart_dungeons:pusher":2,"cataclysm:sandstorm_in_a_bottle":1,"stalwart_dungeons:tungsten_shield":1,"minecraft:iron_ingot":5,"tombstone:bag_of_seeds":1,"minecraft:glass_bottle":5,"minecraft:oak_planks":1,"minecraft:ghast_tear":1,"minecraft:chiseled_polished_blackstone":1,"minecraft:cooked_porkchop":53,"minecraft:cracked_nether_bricks":2,"minecraft:quartz":12,"minecraft:lime_terracotta":16,"minecraft:polished_blackstone_slab":2,"stalwart_dungeons:soul_tiles":6,"doom:argent_energy":32,"doom:bullets":10,"minecraft:diamond":12,"minecraft:stone_axe":1,"tacz:modern_kinetic_gun":2,"stalwart_dungeons:tungsten_leggings":1,"tombstone:magic_scroll":2,"minecraft:oak_sapling":2,"minecraft:netherrack":340,"minecraft:coal":45,"minecraft:crimson_roots":1},"minecraft:used":{"minecraft:enchanting_table":1,"minecraft:bone_block":6,"minecraft:shield":14,"stalwart_dungeons:tungsten_boots":1,"minecraft:green_terracotta":12,"minecraft:netherrack":276,"minecraft:dirt":133,"minecraft:nether_bricks":11,"minecraft:obsidian":8,"cataclysm:infernal_forge":1588,"minecraft:lava_bucket":2,"minecraft:basalt":116,"minecraft:soul_soil":1,"minecraft:golden_carrot":23,"minecraft:oak_sapling":1,"minecraft:furnace":6,"tombstone:gift":8,"minecraft:chiseled_polished_blackstone":1,"stalwart_dungeons:tungsten_chestplate":1,"tombstone:scroll_of_knowledge":1,"minecraft:water_bucket":9,"minecraft:wither_skeleton_skull":2,"minecraft:red_nether_bricks":1,"minecraft:oak_planks":28,"minecraft:blackstone":54,"minecraft:polished_blackstone_bricks":1,"minecraft:golden_apple":2,"stalwart_dungeons:soul_bricks":113,"minecraft:crafting_table":8,"stalwart_dungeons:tungsten_helmet":1,"tombstone:bag_of_seeds":2,"stalwart_dungeons:tungsten_leggings":1,"tombstone:magic_scroll":3,"minecraft:cracked_nether_bricks":2,"minecraft:stone_axe":22,"stalwart_dungeons:soul_tiles":3,"minecraft:cobblestone":224,"minecraft:potion":3,"minecraft:porkchop":67,"minecraft:cooked_porkchop":76,"minecraft:bucket":12,"minecraft:splash_potion":5},"minecraft:broken":{"stalwart_dungeons:tungsten_helmet":1,"stalwart_dungeons:tungsten_chestplate":1,"stalwart_dungeons:tungsten_leggings":1,"doom:soulcube":1,"stalwart_dungeons:tungsten_boots":1},"minecraft:crafted":{"minecraft:oak_planks":56,"stalwart_dungeons:tungsten_leggings":2,"minecraft:furnace":5,"stalwart_dungeons:tungsten_helmet":2,"tombstone:grave_key":2,"stalwart_dungeons:tungsten_boots":2,"stalwart_dungeons:tungsten_ingot":39,"minecraft:cooked_porkchop":33,"minecraft:crafting_table":5,"minecraft:enchanting_table":1,"minecraft:gold_block":7,"minecraft:bucket":1,"minecraft:air":0,"stalwart_dungeons:tungsten_shield":1,"stalwart_dungeons:tungsten_chestplate":2,"minecraft:shield":1,"minecraft:iron_ingot":41,"minecraft:iron_block":4,"minecraft:gold_ingot":36},"minecraft:dropped":{"minecraft:enchanted_book":13,"minecraft:iron_ingot":11,"minecraft:brown_mushroom":2,"minecraft:porkchop":115,"minecraft:wheat_seeds":1,"stalwart_dungeons:soul_magma_bricks":21,"minecraft:glass_bottle":12,"minecraft:polished_blackstone":2,"minecraft:golden_horse_armor":1,"minecraft:cooked_porkchop":2,"minecraft:lime_terracotta":16,"minecraft:cobblestone":15,"stalwart_dungeons:tungsten_shield":2,"doom:bullets":8,"minecraft:item_frame":2,"minecraft:stick":1,"minecraft:cyan_terracotta":1,"irons_spellbooks:scroll":1,"stalwart_dungeons:soul_bricks":51,"stalwart_dungeons:blaze_armor_scrap":14,"minecraft:dirt":22,"minecraft:gray_concrete":1,"tombstone:magic_scroll":1,"stalwart_dungeons:tungsten_chestplate":2,"stalwart_dungeons:tungsten_helmet":2,"minecraft:nether_wart_block":1,"minecraft:crimson_roots":1,"tombstone:grave_dust":6,"tacz:modern_kinetic_gun":2,"minecraft:bone_block":6,"minecraft:polished_blackstone_bricks":6,"doom:energy_cells":1,"minecraft:polished_blackstone_slab":2,"stalwart_dungeons:tungsten_boots":2,"stalwart_dungeons:soul_tiles":3,"minecraft:gold_ingot":12,"minecraft:bone":5,"minecraft:furnace":5,"minecraft:stone_axe":1,"minecraft:blackstone":2,"minecraft:soul_soil":2,"minecraft:green_terracotta":9,"minecraft:soul_torch":4,"doom:argent_energy":2,"stalwart_dungeons:tungsten_leggings":2,"minecraft:nether_wart":22,"minecraft:blaze_rod":42,"minecraft:nether_brick":25,"minecraft:raw_iron":2,"doom:shotgun_shells":3,"minecraft:oak_planks":1,"relics:blazing_flask":1,"minecraft:nether_bricks":17,"minecraft:red_candle":3,"stalwart_dungeons:tungsten_axe":1,"minecraft:oak_sapling":1,"minecraft:golden_sword":1,"tacz:ammo":1,"minecraft:basalt":5,"stalwart_dungeons:pusher":2,"cataclysm:infernal_forge":1,"minecraft:magma_cream":1,"minecraft:ghast_tear":10,"minecraft:magma_block":3,"minecraft:quartz":22,"stalwart_dungeons:tungsten_ingot":4,"minecraft:splash_potion":1,"minecraft:netherrack":65},"minecraft:killed":{"doom:possessed_scientist":3,"doom:whiplash":2,"doom:revenant2016":1,"doom:pinky":1,"doom:lost_soul":4,"doom:possessed_soldier":5,"doom:imp":3,"doom:unwilling":2,"stalwart_dungeons:nether_wart_cocoon":3,"doom:baron":1,"doom:turret":2,"doom:cueball":3,"minecraft:piglin_brute":1,"minecraft:magma_cube":3,"minecraft:piglin":5,"minecraft:pig":48,"doom:spectre":3,"stalwart_dungeons:reinforced_blaze":40,"stalwart_dungeons:giddy_blaze":20,"doom:zombieman":4,"doom:chaingunner":3,"doom:shotgunguy":3,"stalwart_dungeons:incomplete_wither":3,"doom:mechazombie":3,"doom:gargoyle":5,"doom:doom_hunter":2}},"DataVersion":3465}