{"stats":{"minecraft:mined":{"stalwart_dungeons:soul_bricks":117,"minecraft:obsidian":12,"minecraft:nether_bricks":14,"minecraft:grass_block":12,"minecraft:soul_soil":2,"minecraft:spawner":9,"minecraft:polished_blackstone_bricks":1,"minecraft:furnace":6,"minecraft:iron_ore":7,"minecraft:fire":3,"minecraft:enchanting_table":1,"stalwart_dungeons:soul_magma_bricks":18,"minecraft:stone":276,"minecraft:brown_mushroom":2,"minecraft:blackstone":1,"minecraft:crimson_nylium":1,"minecraft:soul_fire":3,"stalwart_dungeons:soul_tiles":6,"minecraft:crafting_table":4,"minecraft:nether_quartz_ore":3,"minecraft:wither_skeleton_wall_skull":2,"minecraft:tall_grass":4,"minecraft:cobblestone":5,"minecraft:oak_planks":3,"stalwart_dungeons:tungsten_ore":39,"minecraft:grass":1,"minecraft:oak_log":14,"minecraft:coal_ore":30,"minecraft:dirt":8,"stalwart_dungeons:pusher":2,"minecraft:netherrack":148,"minecraft:oak_leaves":9},"minecraft:used":{"minecraft:enchanting_table":1,"minecraft:bone_block":6,"minecraft:shield":2,"stalwart_dungeons:tungsten_boots":1,"minecraft:netherrack":80,"minecraft:dirt":122,"minecraft:obsidian":8,"cataclysm:infernal_forge":874,"minecraft:lava_bucket":2,"minecraft:soul_soil":1,"minecraft:oak_sapling":1,"minecraft:furnace":6,"tombstone:gift":6,"minecraft:chiseled_polished_blackstone":1,"stalwart_dungeons:tungsten_chestplate":1,"minecraft:water_bucket":4,"minecraft:wither_skeleton_skull":2,"minecraft:oak_planks":14,"minecraft:polished_blackstone_bricks":1,"stalwart_dungeons:soul_bricks":113,"minecraft:crafting_table":7,"stalwart_dungeons:tungsten_helmet":1,"tombstone:bag_of_seeds":2,"stalwart_dungeons:tungsten_leggings":1,"tombstone:magic_scroll":3,"minecraft:stone_axe":21,"stalwart_dungeons:soul_tiles":3,"minecraft:cobblestone":104,"minecraft:potion":1,"minecraft:porkchop":57,"minecraft:cooked_porkchop":41,"minecraft:bucket":7,"minecraft:splash_potion":5},"minecraft:custom":{"minecraft:mob_kills":68,"minecraft:interact_with_crafting_table":19,"minecraft:leave_game":12,"minecraft:time_since_death":64657,"minecraft:damage_resisted":4,"minecraft:sprint_one_cm":379163,"minecraft:walk_one_cm":274062,"minecraft:damage_blocked_by_shield":95,"minecraft:drop":87,"minecraft:play_time":133926,"minecraft:deaths":10,"minecraft:sneak_time":12585,"minecraft:walk_under_water_one_cm":26740,"tombstone:tomb_raiding":1,"minecraft:jump":2626,"minecraft:walk_on_water_one_cm":45700,"minecraft:total_world_time":133926,"minecraft:interact_with_furnace":35,"minecraft:time_since_rest":64619,"minecraft:damage_taken":7471,"tombstone:sneak_grave":5,"minecraft:damage_dealt":8986,"minecraft:swim_one_cm":103883,"minecraft:fly_one_cm":589311,"minecraft:player_kills":3,"minecraft:open_chest":24,"minecraft:crouch_one_cm":36036,"tombstone:undead_killed":23,"minecraft:fall_one_cm":48799},"minecraft:dropped":{"minecraft:enchanted_book":13,"minecraft:iron_ingot":1,"minecraft:porkchop":98,"minecraft:brown_mushroom":1,"minecraft:wheat_seeds":1,"stalwart_dungeons:soul_magma_bricks":19,"minecraft:polished_blackstone":2,"minecraft:glass_bottle":10,"minecraft:golden_horse_armor":1,"minecraft:cobblestone":3,"stalwart_dungeons:tungsten_shield":2,"doom:bullets":4,"minecraft:stick":1,"stalwart_dungeons:blaze_armor_scrap":5,"stalwart_dungeons:soul_bricks":14,"minecraft:dirt":13,"stalwart_dungeons:tungsten_chestplate":2,"tombstone:magic_scroll":1,"stalwart_dungeons:tungsten_helmet":2,"tombstone:grave_dust":1,"tacz:modern_kinetic_gun":1,"minecraft:bone_block":6,"doom:energy_cells":1,"minecraft:polished_blackstone_slab":2,"stalwart_dungeons:tungsten_boots":2,"stalwart_dungeons:soul_tiles":3,"minecraft:bone":5,"minecraft:blackstone":1,"minecraft:soul_soil":1,"minecraft:soul_torch":4,"doom:argent_energy":2,"stalwart_dungeons:tungsten_leggings":2,"minecraft:blaze_rod":14,"minecraft:nether_brick":3,"minecraft:raw_iron":2,"doom:shotgun_shells":2,"minecraft:oak_planks":1,"minecraft:nether_bricks":14,"minecraft:red_candle":3,"stalwart_dungeons:tungsten_axe":1,"minecraft:oak_sapling":1,"tacz:ammo":1,"stalwart_dungeons:pusher":2,"cataclysm:infernal_forge":1,"minecraft:magma_block":3,"minecraft:ghast_tear":10,"minecraft:quartz":22,"minecraft:netherrack":62},"minecraft:killed":{"doom:possessed_scientist":1,"doom:whiplash":2,"doom:revenant2016":1,"doom:pinky":1,"doom:lost_soul":1,"doom:imp":2,"doom:unwilling":1,"stalwart_dungeons:nether_wart_cocoon":1,"minecraft:piglin":2,"minecraft:pig":11,"doom:spectre":2,"stalwart_dungeons:reinforced_blaze":29,"doom:shotgunguy":2,"doom:chaingunner":3,"doom:zombieman":1,"stalwart_dungeons:incomplete_wither":3,"doom:gargoyle":1,"doom:doom_hunter":2},"minecraft:killed_by":{"minecraft:player":2,"stalwart_dungeons:giddy_blaze":1,"cataclysm:netherite_monstrosity":1,"cataclysm:ignis":2,"doom:chaingunner":1,"stalwart_dungeons:reinforced_blaze":2},"minecraft:picked_up":{"minecraft:crafting_table":3,"cataclysm:monstrous_horn":1,"doom:shotgun_shells":2,"minecraft:brown_mushroom":2,"minecraft:enchanted_book":9,"minecraft:nether_brick":1,"stalwart_dungeons:soul_bricks":122,"minecraft:soul_soil":2,"tacz:ammo":191,"minecraft:red_candle":3,"stalwart_dungeons:tungsten_helmet":1,"doom:chaingunbullets":3,"minecraft:furnace":6,"minecraft:stick":1,"minecraft:raw_iron":7,"minecraft:polished_blackstone_bricks":1,"minecraft:porkchop":177,"stalwart_dungeons:tungsten_chestplate":1,"stalwart_dungeons:tungsten_boots":1,"doom:energy_cells":1,"stalwart_dungeons:soul_magma_bricks":19,"stalwart_dungeons:raw_tungsten":39,"minecraft:nether_bricks":14,"stalwart_dungeons:tungsten_axe":1,"minecraft:gold_ingot":7,"minecraft:polished_blackstone":2,"minecraft:blaze_rod":75,"minecraft:obsidian":12,"minecraft:bone_block":6,"minecraft:cobblestone":274,"minecraft:enchanting_table":1,"minecraft:magma_block":3,"minecraft:oak_log":14,"minecraft:wither_skeleton_skull":3,"minecraft:dirt":172,"stalwart_dungeons:blaze_armor_scrap":34,"minecraft:bone":5,"cataclysm:infernal_forge":2,"minecraft:wheat_seeds":1,"stalwart_dungeons:pusher":2,"stalwart_dungeons:tungsten_shield":1,"tombstone:bag_of_seeds":1,"minecraft:glass_bottle":5,"minecraft:oak_planks":1,"minecraft:ghast_tear":1,"minecraft:chiseled_polished_blackstone":1,"minecraft:cooked_porkchop":19,"minecraft:quartz":12,"minecraft:polished_blackstone_slab":2,"stalwart_dungeons:soul_tiles":6,"doom:argent_energy":18,"doom:bullets":4,"minecraft:diamond":12,"minecraft:stone_axe":1,"tacz:modern_kinetic_gun":2,"stalwart_dungeons:tungsten_leggings":1,"tombstone:magic_scroll":2,"minecraft:oak_sapling":2,"minecraft:netherrack":196,"minecraft:coal":45},"minecraft:crafted":{"stalwart_dungeons:tungsten_leggings":2,"minecraft:oak_planks":56,"minecraft:furnace":5,"stalwart_dungeons:tungsten_helmet":2,"tombstone:grave_key":1,"stalwart_dungeons:tungsten_boots":2,"stalwart_dungeons:tungsten_ingot":39,"minecraft:cooked_porkchop":24,"minecraft:crafting_table":4,"minecraft:enchanting_table":1,"minecraft:bucket":1,"minecraft:air":0,"stalwart_dungeons:tungsten_shield":1,"stalwart_dungeons:tungsten_chestplate":2,"minecraft:shield":1,"minecraft:iron_ingot":5}},"DataVersion":3465}