{"stats":{"minecraft:used":{"minecraft:bone_block":6,"minecraft:oak_planks":10,"minecraft:netherrack":8,"minecraft:dirt":114,"stalwart_dungeons:soul_bricks":69,"tombstone:bag_of_seeds":2,"cataclysm:infernal_forge":236,"stalwart_dungeons:soul_tiles":3,"minecraft:potion":1,"minecraft:cobblestone":21,"minecraft:porkchop":43,"minecraft:cooked_porkchop":19,"tombstone:gift":4,"minecraft:splash_potion":3},"minecraft:mined":{"stalwart_dungeons:soul_bricks":89,"minecraft:soul_fire":3,"stalwart_dungeons:soul_tiles":6,"minecraft:grass_block":11,"minecraft:soul_soil":1,"minecraft:tall_grass":1,"minecraft:cobblestone":1,"stalwart_dungeons:tungsten_ore":39,"minecraft:spawner":6,"minecraft:fire":1,"minecraft:grass":1,"minecraft:oak_log":4,"stalwart_dungeons:pusher":2,"stalwart_dungeons:soul_magma_bricks":13,"minecraft:dirt":5,"minecraft:stone":21,"minecraft:netherrack":37,"minecraft:oak_leaves":7},"minecraft:killed":{"minecraft:pig":7,"stalwart_dungeons:reinforced_blaze":2,"doom:zombieman":1,"doom:chaingunner":1,"doom:shotgunguy":1,"stalwart_dungeons:incomplete_wither":2,"stalwart_dungeons:nether_wart_cocoon":1,"doom:gargoyle":1,"doom:doom_hunter":1},"minecraft:custom":{"minecraft:mob_kills":18,"minecraft:leave_game":11,"minecraft:time_since_death":5030,"minecraft:damage_resisted":4,"minecraft:time_since_rest":4992,"minecraft:sprint_one_cm":260662,"minecraft:damage_taken":5494,"minecraft:walk_one_cm":173401,"tombstone:sneak_grave":5,"minecraft:drop":34,"minecraft:damage_dealt":1037,"minecraft:swim_one_cm":66414,"minecraft:fly_one_cm":329927,"minecraft:player_kills":3,"minecraft:open_chest":15,"minecraft:crouch_one_cm":19812,"minecraft:play_time":74299,"tombstone:undead_killed":7,"minecraft:deaths":10,"minecraft:sneak_time":6514,"minecraft:walk_under_water_one_cm":10219,"tombstone:tomb_raiding":1,"minecraft:jump":1541,"minecraft:walk_on_water_one_cm":20550,"minecraft:total_world_time":74299,"minecraft:fall_one_cm":20069},"minecraft:dropped":{"minecraft:blackstone":1,"minecraft:porkchop":8,"minecraft:soul_soil":1,"stalwart_dungeons:soul_magma_bricks":9,"minecraft:blaze_rod":14,"minecraft:glass_bottle":10,"minecraft:polished_blackstone":2,"minecraft:nether_brick":3,"minecraft:golden_horse_armor":1,"stalwart_dungeons:soul_bricks":4,"stalwart_dungeons:blaze_armor_scrap":5,"minecraft:dirt":13,"minecraft:red_candle":3,"stalwart_dungeons:tungsten_axe":1,"minecraft:oak_sapling":1,"tacz:modern_kinetic_gun":1,"minecraft:bone_block":6,"cataclysm:infernal_forge":1,"minecraft:polished_blackstone_slab":2,"minecraft:ghast_tear":9,"minecraft:quartz":22,"stalwart_dungeons:soul_tiles":3,"minecraft:bone":5},"minecraft:killed_by":{"minecraft:player":2,"cataclysm:netherite_monstrosity":1,"cataclysm:ignis":2,"doom:chaingunner":1,"stalwart_dungeons:reinforced_blaze":2,"stalwart_dungeons:giddy_blaze":1},"minecraft:picked_up":{"minecraft:magma_block":3,"cataclysm:monstrous_horn":1,"doom:shotgun_shells":1,"minecraft:oak_log":4,"minecraft:nether_brick":1,"stalwart_dungeons:soul_bricks":84,"minecraft:wither_skeleton_skull":1,"minecraft:dirt":164,"minecraft:soul_soil":1,"tacz:ammo":180,"minecraft:red_candle":3,"stalwart_dungeons:blaze_armor_scrap":8,"minecraft:bone":5,"cataclysm:infernal_forge":2,"stalwart_dungeons:pusher":1,"tombstone:bag_of_seeds":1,"minecraft:glass_bottle":5,"doom:chaingunbullets":1,"minecraft:cooked_porkchop":19,"minecraft:quartz":11,"minecraft:polished_blackstone_slab":2,"minecraft:porkchop":84,"stalwart_dungeons:soul_tiles":6,"doom:argent_energy":6,"doom:energy_cells":1,"doom:bullets":4,"stalwart_dungeons:soul_magma_bricks":9,"stalwart_dungeons:raw_tungsten":39,"minecraft:stone_axe":1,"tacz:modern_kinetic_gun":2,"stalwart_dungeons:tungsten_axe":1,"minecraft:polished_blackstone":2,"minecraft:oak_sapling":1,"minecraft:blaze_rod":20,"minecraft:netherrack":34,"minecraft:bone_block":6,"minecraft:cobblestone":21},"minecraft:crafted":{"minecraft:oak_planks":16,"tombstone:grave_key":1}},"DataVersion":3465}