{"stats":{"minecraft:mined":{"stalwart_dungeons:soul_bricks":117,"minecraft:soul_fire":3,"stalwart_dungeons:soul_tiles":6,"minecraft:grass_block":11,"minecraft:wither_skeleton_wall_skull":1,"minecraft:soul_soil":2,"minecraft:tall_grass":1,"minecraft:cobblestone":1,"stalwart_dungeons:tungsten_ore":39,"minecraft:spawner":9,"minecraft:fire":2,"minecraft:grass":1,"minecraft:coal_ore":20,"minecraft:oak_log":4,"stalwart_dungeons:pusher":2,"stalwart_dungeons:soul_magma_bricks":18,"minecraft:dirt":5,"minecraft:stone":48,"minecraft:netherrack":66,"minecraft:oak_leaves":7},"minecraft:used":{"minecraft:wither_skeleton_skull":1,"minecraft:bone_block":6,"minecraft:oak_planks":10,"minecraft:netherrack":42,"minecraft:dirt":114,"stalwart_dungeons:soul_bricks":103,"minecraft:crafting_table":1,"tombstone:bag_of_seeds":2,"cataclysm:infernal_forge":441,"minecraft:furnace":3,"minecraft:stone_axe":1,"stalwart_dungeons:soul_tiles":3,"minecraft:soul_soil":1,"minecraft:potion":1,"minecraft:cobblestone":21,"minecraft:porkchop":56,"minecraft:cooked_porkchop":19,"tombstone:gift":4,"minecraft:splash_potion":5},"minecraft:killed":{"minecraft:pig":7,"stalwart_dungeons:reinforced_blaze":29,"doom:unwilling":1,"doom:zombieman":1,"doom:chaingunner":1,"doom:shotgunguy":1,"stalwart_dungeons:incomplete_wither":2,"stalwart_dungeons:nether_wart_cocoon":1,"doom:gargoyle":1,"doom:doom_hunter":1},"minecraft:dropped":{"minecraft:blackstone":1,"minecraft:porkchop":8,"minecraft:soul_soil":1,"stalwart_dungeons:soul_magma_bricks":9,"minecraft:blaze_rod":14,"minecraft:glass_bottle":10,"minecraft:polished_blackstone":2,"minecraft:nether_brick":3,"minecraft:golden_horse_armor":1,"minecraft:cobblestone":3,"stalwart_dungeons:soul_bricks":4,"stalwart_dungeons:blaze_armor_scrap":5,"minecraft:dirt":13,"minecraft:red_candle":3,"stalwart_dungeons:tungsten_axe":1,"minecraft:oak_sapling":1,"tombstone:grave_dust":1,"tacz:modern_kinetic_gun":1,"minecraft:bone_block":6,"cataclysm:infernal_forge":1,"minecraft:polished_blackstone_slab":2,"minecraft:magma_block":3,"minecraft:ghast_tear":9,"minecraft:quartz":22,"stalwart_dungeons:soul_tiles":3,"minecraft:bone":5},"minecraft:custom":{"minecraft:interact_with_furnace":1,"minecraft:mob_kills":46,"minecraft:interact_with_crafting_table":2,"minecraft:leave_game":11,"minecraft:time_since_death":17030,"minecraft:damage_resisted":4,"minecraft:time_since_rest":16992,"minecraft:sprint_one_cm":289124,"minecraft:damage_taken":5844,"minecraft:walk_one_cm":202039,"tombstone:sneak_grave":5,"minecraft:drop":37,"minecraft:damage_dealt":4483,"minecraft:swim_one_cm":66414,"minecraft:fly_one_cm":369963,"minecraft:player_kills":3,"minecraft:open_chest":24,"minecraft:crouch_one_cm":30459,"minecraft:play_time":86299,"tombstone:undead_killed":8,"minecraft:deaths":10,"minecraft:sneak_time":9609,"minecraft:walk_under_water_one_cm":10219,"tombstone:tomb_raiding":1,"minecraft:jump":1715,"minecraft:walk_on_water_one_cm":20550,"minecraft:total_world_time":86299,"minecraft:fall_one_cm":22940},"minecraft:killed_by":{"minecraft:player":2,"cataclysm:netherite_monstrosity":1,"cataclysm:ignis":2,"doom:chaingunner":1,"stalwart_dungeons:reinforced_blaze":2,"stalwart_dungeons:giddy_blaze":1},"minecraft:picked_up":{"minecraft:magma_block":3,"cataclysm:monstrous_horn":1,"doom:shotgun_shells":1,"minecraft:oak_log":4,"minecraft:nether_brick":1,"stalwart_dungeons:soul_bricks":112,"minecraft:wither_skeleton_skull":2,"minecraft:dirt":164,"minecraft:soul_soil":2,"tacz:ammo":180,"minecraft:red_candle":3,"stalwart_dungeons:blaze_armor_scrap":34,"minecraft:bone":5,"cataclysm:infernal_forge":2,"stalwart_dungeons:pusher":1,"tombstone:bag_of_seeds":1,"minecraft:glass_bottle":5,"doom:chaingunbullets":1,"minecraft:cooked_porkchop":19,"minecraft:quartz":11,"minecraft:polished_blackstone_slab":2,"minecraft:porkchop":87,"stalwart_dungeons:soul_tiles":6,"doom:argent_energy":6,"doom:energy_cells":1,"doom:bullets":4,"stalwart_dungeons:soul_magma_bricks":14,"stalwart_dungeons:raw_tungsten":39,"minecraft:stone_axe":1,"tacz:modern_kinetic_gun":2,"stalwart_dungeons:tungsten_axe":1,"minecraft:polished_blackstone":2,"minecraft:oak_sapling":1,"minecraft:blaze_rod":74,"minecraft:netherrack":62,"minecraft:coal":20,"minecraft:bone_block":6,"minecraft:cobblestone":48},"minecraft:crafted":{"minecraft:oak_planks":16,"minecraft:crafting_table":1,"minecraft:furnace":3,"tombstone:grave_key":1}},"DataVersion":3465}