{"stats":{"minecraft:used":{"minecraft:enchanting_table":1,"minecraft:flint_and_steel":5,"minecraft:bone_block":6,"minecraft:shield":14,"stalwart_dungeons:tungsten_boots":1,"minecraft:green_terracotta":12,"minecraft:netherrack":276,"minecraft:dirt":134,"minecraft:nether_bricks":11,"minecraft:obsidian":8,"cataclysm:infernal_forge":1654,"minecraft:lava_bucket":2,"minecraft:basalt":116,"minecraft:soul_soil":1,"minecraft:golden_carrot":23,"minecraft:oak_sapling":1,"minecraft:furnace":8,"tombstone:gift":8,"minecraft:chiseled_polished_blackstone":1,"tombstone:scroll_of_knowledge":1,"minecraft:wither_skeleton_skull":2,"stalwart_dungeons:tungsten_chestplate":1,"minecraft:water_bucket":20,"minecraft:red_nether_bricks":1,"minecraft:oak_planks":28,"minecraft:blackstone":54,"minecraft:polished_blackstone_bricks":1,"minecraft:golden_apple":2,"stalwart_dungeons:soul_bricks":113,"minecraft:crafting_table":9,"stalwart_dungeons:tungsten_helmet":1,"tombstone:bag_of_seeds":2,"stalwart_dungeons:tungsten_leggings":1,"tombstone:magic_scroll":3,"minecraft:cracked_nether_bricks":2,"minecraft:cobblestone":246,"minecraft:stone_axe":22,"stalwart_dungeons:soul_tiles":3,"minecraft:porkchop":70,"minecraft:potion":3,"minecraft:cooked_porkchop":92,"minecraft:bucket":22,"minecraft:splash_potion":5},"minecraft:crafted":{"minecraft:oak_planks":72,"stalwart_dungeons:tungsten_leggings":3,"minecraft:furnace":7,"stalwart_dungeons:tungsten_helmet":3,"tombstone:grave_key":2,"stalwart_dungeons:tungsten_boots":3,"stalwart_dungeons:tungsten_ingot":67,"minecraft:cooked_porkchop":33,"minecraft:crafting_table":6,"minecraft:enchanting_table":1,"minecraft:gold_block":7,"minecraft:bucket":1,"minecraft:air":0,"stalwart_dungeons:tungsten_shield":1,"stalwart_dungeons:tungsten_chestplate":3,"minecraft:shield":1,"minecraft:iron_ingot":41,"minecraft:iron_block":4,"minecraft:gold_ingot":36},"minecraft:custom":{"minecraft:mob_kills":176,"minecraft:interact_with_crafting_table":29,"minecraft:open_barrel":18,"minecraft:leave_game":19,"minecraft:time_since_death":6500,"minecraft:damage_resisted":306,"minecraft:climb_one_cm":548,"minecraft:sprint_one_cm":1006229,"minecraft:walk_one_cm":649974,"minecraft:damage_blocked_by_shield":165,"minecraft:drop":241,"minecraft:play_time":330722,"minecraft:deaths":21,"minecraft:sneak_time":27810,"minecraft:walk_under_water_one_cm":56621,"tombstone:tomb_raiding":7,"minecraft:jump":5867,"minecraft:walk_on_water_one_cm":78355,"minecraft:total_world_time":330722,"minecraft:interact_with_furnace":58,"minecraft:time_since_rest":6031,"minecraft:waystone_activated":1,"minecraft:damage_taken":17830,"minecraft:damage_absorbed":80,"tombstone:sneak_grave":5,"minecraft:damage_dealt":23828,"tombstone:cast_on_ally":0,"minecraft:swim_one_cm":189410,"minecraft:fly_one_cm":1452238,"minecraft:player_kills":13,"minecraft:open_chest":75,"minecraft:crouch_one_cm":92711,"tombstone:undead_killed":53,"minecraft:fall_one_cm":164479},"minecraft:killed_by":{"minecraft:player":7,"stalwart_dungeons:giddy_blaze":1,"cataclysm:netherite_monstrosity":1,"cataclysm:ignis":3,"doom:chaingunner":1,"doom:pinky":2,"stalwart_dungeons:reinforced_blaze":3},"minecraft:picked_up":{"irons_spellbooks:scroll":2,"minecraft:crafting_table":5,"cataclysm:monstrous_horn":1,"minecraft:nether_wart":128,"doom:shotgun_shells":3,"minecraft:brown_mushroom":2,"minecraft:diamond_sword":1,"minecraft:gold_block":2,"minecraft:enchanted_book":9,"stalwart_dungeons:soul_bricks":165,"minecraft:nether_brick":23,"tempad:he_who_remains_tempad":1,"minecraft:brewing_stand":2,"stalwart_dungeons:chorundum":3,"minecraft:golden_sword":1,"minecraft:soul_soil":3,"minecraft:raw_copper":18,"minecraft:flint_and_steel":1,"minecraft:red_nether_bricks":1,"minecraft:netherite_scrap":18,"minecraft:red_candle":3,"tacz:ammo":299,"minecraft:item_frame":2,"minecraft:blackstone":55,"stalwart_dungeons:tungsten_helmet":1,"irons_spellbooks:arcane_essence":98,"minecraft:diamond_leggings":1,"usefulbackpacks:backpack_small":1,"minecraft:bucket":1,"minecraft:iron_nugget":8,"irons_spellbooks:blank_rune":1,"doom:chaingunbullets":3,"minecraft:furnace":7,"minecraft:raw_iron":7,"minecraft:stick":1,"minecraft:porkchop":302,"minecraft:polished_blackstone_bricks":7,"stalwart_dungeons:tungsten_chestplate":1,"stalwart_dungeons:tungsten_boots":1,"doom:energy_cells":1,"tombstone:grave_dust":17,"minecraft:redstone":8,"minecraft:green_terracotta":21,"stalwart_dungeons:soul_magma_bricks":21,"minecraft:diamond_chestplate":1,"stalwart_dungeons:raw_tungsten":70,"minecraft:nether_bricks":30,"stalwart_dungeons:tungsten_axe":1,"minecraft:cyan_terracotta":1,"minecraft:gold_ingot":13,"minecraft:polished_blackstone":2,"minecraft:blaze_rod":130,"minecraft:obsidian":12,"minecraft:bone_block":6,"minecraft:cobblestone":327,"stalwart_dungeons:purpur_bricks":3,"minecraft:enchanting_table":1,"minecraft:magma_block":3,"minecraft:basalt":121,"minecraft:magma_cream":7,"minecraft:water_bucket":1,"stalwart_dungeons:shulker_cannon_item":5,"minecraft:oak_log":18,"minecraft:golden_boots":1,"minecraft:nether_wart_block":1,"minecraft:gunpowder":2,"minecraft:wither_skeleton_skull":3,"minecraft:gray_concrete":1,"minecraft:lapis_lazuli":21,"minecraft:dirt":194,"minecraft:name_tag":1,"stalwart_dungeons:blaze_armor_scrap":44,"minecraft:bone":5,"cataclysm:infernal_forge":2,"minecraft:wheat_seeds":1,"stalwart_dungeons:pusher":2,"cataclysm:sandstorm_in_a_bottle":1,"stalwart_dungeons:tungsten_shield":1,"minecraft:iron_ingot":31,"tombstone:bag_of_seeds":1,"minecraft:glass_bottle":5,"tacz:gun_smith_table":2,"minecraft:oak_planks":1,"minecraft:ghast_tear":1,"minecraft:chiseled_polished_blackstone":1,"minecraft:cooked_porkchop":65,"minecraft:cracked_nether_bricks":2,"minecraft:quartz":12,"minecraft:lime_terracotta":16,"minecraft:polished_blackstone_slab":2,"stalwart_dungeons:soul_tiles":6,"doom:argent_energy":44,"doom:bullets":10,"minecraft:polished_blackstone_pressure_plate":4,"minecraft:stone_axe":1,"minecraft:diamond":12,"waystones:waystone":1,"tombstone:scroll_of_knowledge":2,"tacz:modern_kinetic_gun":4,"stalwart_dungeons:tungsten_leggings":1,"minecraft:oak_sapling":8,"tombstone:magic_scroll":2,"minecraft:netherrack":340,"minecraft:coal":45,"minecraft:crimson_roots":1,"minecraft:ender_pearl":1,"minecraft:end_stone_bricks":1},"minecraft:dropped":{"minecraft:water_bucket":1,"minecraft:enchanted_book":14,"minecraft:iron_ingot":37,"minecraft:brown_mushroom":2,"minecraft:porkchop":131,"minecraft:wheat_seeds":1,"stalwart_dungeons:soul_magma_bricks":21,"minecraft:ender_pearl":1,"minecraft:polished_blackstone":2,"minecraft:glass_bottle":12,"minecraft:golden_horse_armor":1,"minecraft:crafting_table":2,"minecraft:cooked_porkchop":2,"minecraft:diamond_leggings":2,"minecraft:lime_terracotta":16,"minecraft:cobblestone":25,"stalwart_dungeons:tungsten_shield":2,"doom:bullets":8,"tacz:gun_smith_table":2,"minecraft:item_frame":2,"minecraft:stick":1,"minecraft:cyan_terracotta":1,"irons_spellbooks:scroll":3,"stalwart_dungeons:soul_bricks":51,"stalwart_dungeons:blaze_armor_scrap":16,"minecraft:dirt":23,"minecraft:gray_concrete":1,"minecraft:netherite_scrap":12,"minecraft:brewing_stand":2,"minecraft:polished_blackstone_pressure_plate":4,"tombstone:magic_scroll":1,"stalwart_dungeons:tungsten_chestplate":2,"stalwart_dungeons:tungsten_helmet":2,"minecraft:crimson_roots":1,"minecraft:nether_wart_block":1,"stalwart_dungeons:purpur_bricks":3,"tombstone:grave_dust":24,"irons_spellbooks:arcane_essence":98,"tacz:modern_kinetic_gun":5,"minecraft:bone_block":6,"minecraft:polished_blackstone_bricks":6,"doom:energy_cells":1,"minecraft:polished_blackstone_slab":2,"stalwart_dungeons:tungsten_boots":2,"minecraft:bucket":2,"stalwart_dungeons:soul_tiles":3,"minecraft:redstone":16,"minecraft:gold_ingot":12,"minecraft:bone":5,"minecraft:furnace":7,"minecraft:stone_axe":1,"minecraft:blackstone":2,"minecraft:soul_soil":2,"minecraft:iron_nugget":16,"irons_spellbooks:blank_rune":2,"minecraft:green_terracotta":9,"minecraft:soul_torch":4,"doom:argent_energy":14,"stalwart_dungeons:tungsten_leggings":2,"minecraft:nether_wart":150,"minecraft:blaze_rod":66,"minecraft:raw_copper":36,"minecraft:nether_brick":25,"minecraft:raw_iron":2,"doom:shotgun_shells":3,"minecraft:oak_planks":1,"minecraft:name_tag":2,"relics:blazing_flask":1,"minecraft:nether_bricks":19,"artifacts:chorus_totem":1,"minecraft:flint_and_steel":2,"minecraft:diamond_sword":2,"minecraft:gunpowder":2,"minecraft:red_candle":3,"tempad:he_who_remains_tempad":1,"minecraft:diamond_chestplate":1,"stalwart_dungeons:shulker_cannon_item":3,"minecraft:diamond_pickaxe":1,"stalwart_dungeons:tungsten_axe":1,"minecraft:oak_sapling":7,"minecraft:golden_sword":1,"tombstone:scroll_of_knowledge":1,"tacz:ammo":1,"minecraft:basalt":5,"minecraft:end_stone_bricks":1,"stalwart_dungeons:chorundum":8,"stalwart_dungeons:pusher":2,"cataclysm:infernal_forge":1,"waystones:waystone":1,"minecraft:magma_cream":7,"minecraft:magma_block":3,"minecraft:ghast_tear":10,"minecraft:quartz":22,"stalwart_dungeons:tungsten_ingot":16,"minecraft:splash_potion":1,"minecraft:netherrack":65},"minecraft:broken":{"stalwart_dungeons:tungsten_helmet":1,"stalwart_dungeons:tungsten_chestplate":1,"stalwart_dungeons:tungsten_leggings":1,"doom:soulcube":1,"stalwart_dungeons:tungsten_boots":1},"minecraft:killed":{"doom:possessed_scientist":3,"doom:whiplash":2,"doom:revenant2016":1,"doom:pinky":1,"doom:lost_soul":4,"doom:possessed_soldier":5,"doom:imp":3,"doom:unwilling":2,"stalwart_dungeons:nether_wart_cocoon":3,"doom:baron":1,"doom:turret":2,"doom:cueball":3,"minecraft:piglin_brute":1,"minecraft:magma_cube":3,"minecraft:piglin":5,"minecraft:pig":49,"doom:spectre":3,"stalwart_dungeons:reinforced_blaze":40,"stalwart_dungeons:giddy_blaze":20,"doom:zombieman":4,"doom:chaingunner":3,"doom:shotgunguy":3,"stalwart_dungeons:incomplete_wither":3,"doom:mechazombie":3,"doom:gargoyle":5,"doom:doom_hunter":2},"minecraft:mined":{"stalwart_dungeons:soul_bricks":161,"minecraft:red_nether_bricks":1,"minecraft:obsidian":12,"minecraft:nether_bricks":32,"minecraft:grass_block":16,"minecraft:crimson_roots":4,"minecraft:soul_soil":3,"minecraft:cracked_nether_bricks":4,"minecraft:spawner":9,"minecraft:polished_blackstone_bricks":4,"stalwart_dungeons:purpur_bricks":3,"minecraft:furnace":6,"minecraft:iron_ore":7,"minecraft:fire":5,"minecraft:green_terracotta":22,"minecraft:gold_block":2,"minecraft:enchanting_table":1,"stalwart_dungeons:soul_magma_bricks":20,"minecraft:iron_bars":1,"minecraft:end_stone_bricks":4,"minecraft:stone":320,"minecraft:gray_concrete":1,"minecraft:brown_mushroom":2,"minecraft:blackstone":57,"minecraft:cyan_terracotta":1,"minecraft:crimson_nylium":1,"minecraft:soul_fire":3,"minecraft:basalt":126,"stalwart_dungeons:soul_tiles":6,"stalwart_dungeons:chorundum_ore":3,"minecraft:crafting_table":4,"minecraft:nether_quartz_ore":3,"minecraft:wither_skeleton_wall_skull":2,"minecraft:tall_grass":4,"minecraft:cobblestone":12,"minecraft:oak_planks":3,"stalwart_dungeons:tungsten_ore":70,"minecraft:nether_wart_block":1,"minecraft:grass":1,"minecraft:coal_ore":30,"minecraft:oak_log":18,"minecraft:lime_terracotta":16,"minecraft:dirt":16,"stalwart_dungeons:pusher":2,"minecraft:netherrack":294,"minecraft:oak_leaves":9}},"DataVersion":3465}