{"stats":{"minecraft:mined":{"minecraft:grass":1,"minecraft:oak_log":4,"minecraft:cobblestone":1,"minecraft:stone":11,"minecraft:oak_leaves":7},"minecraft:used":{"tombstone:bag_of_seeds":2,"cataclysm:infernal_forge":12,"minecraft:dirt":78,"minecraft:cobblestone":2,"minecraft:potion":1,"minecraft:cooked_porkchop":19,"minecraft:porkchop":14,"tombstone:gift":2},"minecraft:killed":{"doom:zombieman":1,"minecraft:pig":7,"stalwart_dungeons:nether_wart_cocoon":1},"minecraft:dropped":{"minecraft:dirt":9,"minecraft:blackstone":1,"minecraft:red_candle":3,"minecraft:polished_blackstone":2,"minecraft:nether_brick":1,"minecraft:oak_sapling":1,"tacz:modern_kinetic_gun":1,"minecraft:polished_blackstone_slab":2},"minecraft:custom":{"minecraft:time_since_rest":6047,"minecraft:sprint_one_cm":123543,"minecraft:damage_taken":3065,"minecraft:walk_one_cm":87067,"tombstone:sneak_grave":5,"minecraft:mob_kills":9,"minecraft:drop":10,"minecraft:damage_dealt":619,"minecraft:swim_one_cm":42865,"minecraft:fly_one_cm":177304,"minecraft:player_kills":2,"minecraft:open_chest":3,"minecraft:crouch_one_cm":3265,"minecraft:play_time":38299,"tombstone:undead_killed":1,"minecraft:deaths":4,"minecraft:sneak_time":1314,"minecraft:walk_under_water_one_cm":6143,"tombstone:tomb_raiding":1,"minecraft:jump":770,"minecraft:leave_game":11,"minecraft:walk_on_water_one_cm":15345,"minecraft:time_since_death":6722,"minecraft:total_world_time":38299,"minecraft:damage_resisted":4,"minecraft:fall_one_cm":10307},"minecraft:killed_by":{"minecraft:player":2,"stalwart_dungeons:giddy_blaze":1,"cataclysm:netherite_monstrosity":1},"minecraft:picked_up":{"cataclysm:monstrous_horn":1,"minecraft:cooked_porkchop":19,"minecraft:polished_blackstone_slab":2,"minecraft:porkchop":73,"doom:argent_energy":5,"minecraft:nether_brick":1,"minecraft:oak_log":4,"doom:bullets":4,"minecraft:dirt":147,"minecraft:red_candle":3,"tacz:ammo":180,"cataclysm:infernal_forge":1,"tacz:modern_kinetic_gun":2,"tombstone:bag_of_seeds":1,"minecraft:polished_blackstone":2,"minecraft:oak_sapling":1,"minecraft:blaze_rod":1,"minecraft:cobblestone":10},"minecraft:crafted":{"minecraft:oak_planks":16}},"DataVersion":3465}