{"stats":{"minecraft:mined":{"stalwart_dungeons:soul_bricks":117,"minecraft:obsidian":12,"minecraft:nether_bricks":14,"minecraft:grass_block":12,"minecraft:soul_soil":2,"minecraft:spawner":9,"minecraft:furnace":6,"minecraft:iron_ore":7,"minecraft:fire":2,"minecraft:enchanting_table":1,"stalwart_dungeons:soul_magma_bricks":18,"minecraft:stone":276,"minecraft:soul_fire":3,"stalwart_dungeons:soul_tiles":6,"minecraft:crafting_table":3,"minecraft:cobblestone":1,"minecraft:wither_skeleton_wall_skull":2,"minecraft:tall_grass":4,"stalwart_dungeons:tungsten_ore":39,"minecraft:grass":1,"minecraft:oak_log":14,"minecraft:coal_ore":30,"minecraft:dirt":8,"stalwart_dungeons:pusher":2,"minecraft:netherrack":67,"minecraft:oak_leaves":9},"minecraft:used":{"minecraft:enchanting_table":1,"minecraft:bone_block":6,"stalwart_dungeons:tungsten_boots":1,"minecraft:netherrack":64,"minecraft:dirt":122,"minecraft:obsidian":8,"cataclysm:infernal_forge":759,"minecraft:soul_soil":1,"minecraft:furnace":6,"minecraft:oak_sapling":1,"tombstone:gift":6,"stalwart_dungeons:tungsten_chestplate":1,"minecraft:water_bucket":2,"minecraft:wither_skeleton_skull":2,"minecraft:oak_planks":10,"stalwart_dungeons:soul_bricks":113,"minecraft:crafting_table":5,"stalwart_dungeons:tungsten_helmet":1,"tombstone:bag_of_seeds":2,"stalwart_dungeons:tungsten_leggings":1,"tombstone:magic_scroll":2,"minecraft:stone_axe":16,"stalwart_dungeons:soul_tiles":3,"minecraft:cobblestone":84,"minecraft:potion":1,"minecraft:cooked_porkchop":34,"minecraft:porkchop":57,"minecraft:bucket":3,"minecraft:splash_potion":5},"minecraft:custom":{"minecraft:mob_kills":63,"minecraft:interact_with_crafting_table":17,"minecraft:leave_game":11,"minecraft:time_since_death":53030,"minecraft:damage_resisted":4,"minecraft:sprint_one_cm":360157,"minecraft:walk_one_cm":254197,"minecraft:drop":77,"minecraft:play_time":122299,"minecraft:deaths":10,"minecraft:sneak_time":11834,"minecraft:walk_under_water_one_cm":26740,"tombstone:tomb_raiding":1,"minecraft:jump":2417,"minecraft:walk_on_water_one_cm":45700,"minecraft:total_world_time":122299,"minecraft:interact_with_furnace":35,"minecraft:time_since_rest":52992,"minecraft:damage_taken":6897,"tombstone:sneak_grave":5,"minecraft:damage_dealt":6835,"minecraft:swim_one_cm":103883,"minecraft:fly_one_cm":559150,"minecraft:player_kills":3,"minecraft:open_chest":24,"minecraft:crouch_one_cm":34042,"tombstone:undead_killed":21,"minecraft:fall_one_cm":42602},"minecraft:dropped":{"minecraft:enchanted_book":10,"minecraft:porkchop":98,"minecraft:wheat_seeds":1,"stalwart_dungeons:soul_magma_bricks":19,"minecraft:polished_blackstone":2,"minecraft:glass_bottle":10,"minecraft:golden_horse_armor":1,"minecraft:cobblestone":3,"stalwart_dungeons:tungsten_shield":2,"doom:bullets":4,"minecraft:stick":1,"stalwart_dungeons:blaze_armor_scrap":5,"stalwart_dungeons:soul_bricks":14,"minecraft:dirt":13,"stalwart_dungeons:tungsten_chestplate":2,"stalwart_dungeons:tungsten_helmet":2,"tombstone:grave_dust":1,"tacz:modern_kinetic_gun":1,"minecraft:bone_block":6,"minecraft:polished_blackstone_slab":2,"doom:energy_cells":1,"stalwart_dungeons:tungsten_boots":2,"stalwart_dungeons:soul_tiles":3,"minecraft:bone":5,"minecraft:blackstone":1,"minecraft:soul_soil":1,"minecraft:soul_torch":4,"doom:argent_energy":2,"stalwart_dungeons:tungsten_leggings":2,"minecraft:blaze_rod":14,"minecraft:nether_brick":3,"doom:shotgun_shells":2,"minecraft:nether_bricks":14,"minecraft:red_candle":3,"stalwart_dungeons:tungsten_axe":1,"minecraft:oak_sapling":1,"tacz:ammo":1,"stalwart_dungeons:pusher":2,"cataclysm:infernal_forge":1,"minecraft:ghast_tear":10,"minecraft:magma_block":3,"minecraft:quartz":22},"minecraft:killed":{"doom:possessed_scientist":1,"doom:whiplash":1,"doom:revenant2016":1,"doom:lost_soul":1,"doom:imp":2,"doom:unwilling":1,"stalwart_dungeons:nether_wart_cocoon":1,"minecraft:pig":11,"doom:spectre":2,"stalwart_dungeons:reinforced_blaze":29,"doom:shotgunguy":2,"doom:chaingunner":3,"doom:zombieman":1,"stalwart_dungeons:incomplete_wither":3,"doom:gargoyle":1,"doom:doom_hunter":2},"minecraft:killed_by":{"minecraft:player":2,"stalwart_dungeons:giddy_blaze":1,"cataclysm:netherite_monstrosity":1,"cataclysm:ignis":2,"doom:chaingunner":1,"stalwart_dungeons:reinforced_blaze":2},"minecraft:picked_up":{"minecraft:crafting_table":3,"cataclysm:monstrous_horn":1,"doom:shotgun_shells":2,"minecraft:enchanted_book":9,"stalwart_dungeons:soul_bricks":122,"minecraft:nether_brick":1,"minecraft:soul_soil":2,"minecraft:red_candle":3,"tacz:ammo":191,"stalwart_dungeons:tungsten_helmet":1,"doom:chaingunbullets":3,"minecraft:furnace":6,"minecraft:stick":1,"minecraft:raw_iron":7,"minecraft:porkchop":177,"stalwart_dungeons:tungsten_chestplate":1,"stalwart_dungeons:tungsten_boots":1,"doom:energy_cells":1,"stalwart_dungeons:soul_magma_bricks":19,"stalwart_dungeons:raw_tungsten":39,"minecraft:nether_bricks":14,"stalwart_dungeons:tungsten_axe":1,"minecraft:gold_ingot":7,"minecraft:polished_blackstone":2,"minecraft:blaze_rod":75,"minecraft:obsidian":12,"minecraft:bone_block":6,"minecraft:cobblestone":272,"minecraft:enchanting_table":1,"minecraft:magma_block":3,"minecraft:oak_log":14,"minecraft:wither_skeleton_skull":3,"minecraft:dirt":172,"stalwart_dungeons:blaze_armor_scrap":34,"minecraft:bone":5,"cataclysm:infernal_forge":2,"minecraft:wheat_seeds":1,"stalwart_dungeons:pusher":2,"stalwart_dungeons:tungsten_shield":1,"tombstone:bag_of_seeds":1,"minecraft:glass_bottle":5,"minecraft:ghast_tear":1,"minecraft:cooked_porkchop":19,"minecraft:quartz":11,"minecraft:polished_blackstone_slab":2,"stalwart_dungeons:soul_tiles":6,"doom:argent_energy":16,"doom:bullets":4,"minecraft:diamond":12,"minecraft:stone_axe":1,"tacz:modern_kinetic_gun":2,"stalwart_dungeons:tungsten_leggings":1,"tombstone:magic_scroll":1,"minecraft:oak_sapling":2,"minecraft:netherrack":63,"minecraft:coal":45},"minecraft:crafted":{"minecraft:oak_planks":28,"stalwart_dungeons:tungsten_leggings":2,"minecraft:furnace":5,"stalwart_dungeons:tungsten_helmet":2,"tombstone:grave_key":1,"stalwart_dungeons:tungsten_boots":2,"stalwart_dungeons:tungsten_ingot":39,"minecraft:cooked_porkchop":24,"minecraft:crafting_table":4,"minecraft:enchanting_table":1,"minecraft:bucket":1,"minecraft:air":0,"stalwart_dungeons:tungsten_shield":1,"stalwart_dungeons:tungsten_chestplate":2,"minecraft:iron_ingot":5}},"DataVersion":3465}