{"stats":{"minecraft:used":{"minecraft:bone_block":6,"minecraft:shield":14,"minecraft:green_terracotta":12,"minecraft:nether_bricks":11,"minecraft:obsidian":8,"cataclysm:infernal_forge":1686,"minecraft:lava_bucket":2,"minecraft:oak_sapling":1,"minecraft:furnace":8,"minecraft:chiseled_polished_blackstone":1,"stalwart_dungeons:tungsten_chestplate":1,"minecraft:wither_skeleton_skull":2,"minecraft:oak_planks":28,"minecraft:blackstone":54,"minecraft:golden_apple":2,"stalwart_dungeons:soul_bricks":113,"minecraft:smithing_table":1,"minecraft:enchanting_table":1,"minecraft:flint_and_steel":5,"stalwart_dungeons:tungsten_boots":1,"minecraft:netherrack":276,"minecraft:dirt":134,"minecraft:basalt":116,"minecraft:golden_carrot":23,"minecraft:soul_soil":1,"tombstone:gift":8,"tombstone:scroll_of_knowledge":1,"minecraft:water_bucket":23,"minecraft:red_nether_bricks":1,"minecraft:polished_blackstone_bricks":1,"minecraft:crafting_table":10,"stalwart_dungeons:tungsten_helmet":1,"tombstone:bag_of_seeds":2,"stalwart_dungeons:tungsten_leggings":1,"tombstone:magic_scroll":3,"minecraft:cracked_nether_bricks":2,"minecraft:stone_axe":22,"stalwart_dungeons:soul_tiles":3,"minecraft:cobblestone":246,"minecraft:potion":3,"minecraft:porkchop":70,"minecraft:cooked_porkchop":104,"minecraft:bucket":25,"minecraft:splash_potion":5},"minecraft:crafted":{"minecraft:oak_planks":72,"stalwart_dungeons:tungsten_helmet":3,"tombstone:grave_key":2,"minecraft:cooked_porkchop":33,"minecraft:crafting_table":7,"minecraft:smithing_table":1,"minecraft:gold_block":7,"minecraft:shield":1,"minecraft:iron_ingot":113,"minecraft:iron_block":4,"minecraft:gold_ingot":36,"doom:doom_boots":1,"doom:classic_doom_leggings":1,"minecraft:netherite_ingot":2,"stalwart_dungeons:tungsten_leggings":3,"minecraft:furnace":7,"stalwart_dungeons:tungsten_boots":3,"stalwart_dungeons:tungsten_ingot":67,"doom:classic_doom_helmet":1,"minecraft:enchanting_table":1,"doom:argent_plate":24,"minecraft:bucket":1,"minecraft:air":0,"stalwart_dungeons:tungsten_shield":1,"stalwart_dungeons:tungsten_chestplate":3,"doom:doom_chestplate":1},"minecraft:custom":{"minecraft:interact_with_crafting_table":38,"minecraft:open_barrel":18,"minecraft:leave_game":21,"minecraft:time_since_death":15990,"minecraft:damage_resisted":407,"minecraft:sprint_one_cm":1087535,"minecraft:damage_blocked_by_shield":165,"minecraft:drop":298,"minecraft:play_time":361926,"minecraft:deaths":22,"tombstone:tomb_raiding":8,"minecraft:jump":6325,"minecraft:walk_on_water_one_cm":86735,"minecraft:interact_with_furnace":60,"minecraft:waystone_activated":1,"tombstone:sneak_grave":5,"minecraft:damage_dealt":25412,"minecraft:player_kills":14,"minecraft:crouch_one_cm":92989,"tombstone:undead_killed":54,"minecraft:interact_with_smithing_table":4,"minecraft:mob_kills":183,"minecraft:climb_one_cm":548,"minecraft:walk_one_cm":696491,"minecraft:sneak_time":28040,"minecraft:walk_under_water_one_cm":71004,"minecraft:total_world_time":361926,"minecraft:time_since_rest":15698,"minecraft:damage_taken":18884,"minecraft:damage_absorbed":80,"tombstone:cast_on_ally":0,"minecraft:swim_one_cm":240619,"minecraft:fly_one_cm":1690159,"minecraft:open_chest":79,"minecraft:fall_one_cm":186618},"minecraft:killed_by":{"doom:pinky":2,"stalwart_dungeons:reinforced_blaze":3,"minecraft:player":8,"stalwart_dungeons:giddy_blaze":1,"cataclysm:netherite_monstrosity":1,"cataclysm:ignis":3,"doom:chaingunner":1},"minecraft:picked_up":{"irons_spellbooks:scroll":3,"cataclysm:monstrous_horn":1,"doom:shotgun_shells":4,"minecraft:diamond_sword":1,"minecraft:enchanted_book":10,"minecraft:nether_brick":23,"minecraft:brewing_stand":2,"minecraft:golden_sword":1,"minecraft:soul_soil":3,"minecraft:raw_copper":18,"minecraft:red_nether_bricks":1,"minecraft:red_candle":3,"minecraft:netherite_ingot":1,"stalwart_dungeons:tungsten_helmet":1,"irons_spellbooks:arcane_essence":98,"minecraft:diamond_leggings":1,"minecraft:gold_nugget":1,"minecraft:bucket":1,"doom:chaingunbullets":3,"irons_spellbooks:blank_rune":1,"minecraft:furnace":7,"minecraft:stick":2,"minecraft:porkchop":348,"stalwart_dungeons:tungsten_chestplate":2,"stalwart_dungeons:tungsten_boots":2,"tombstone:grave_dust":20,"minecraft:green_terracotta":21,"stalwart_dungeons:soul_magma_bricks":21,"minecraft:rotten_flesh":1,"minecraft:cyan_terracotta":1,"minecraft:blaze_rod":161,"minecraft:obsidian":12,"minecraft:cobblestone":333,"stalwart_dungeons:purpur_bricks":3,"minecraft:enchanting_table":1,"minecraft:magma_block":3,"minecraft:magma_cream":7,"minecraft:water_bucket":1,"stalwart_dungeons:shulker_cannon_item":6,"minecraft:wither_skeleton_skull":3,"minecraft:gray_concrete":1,"minecraft:lapis_lazuli":21,"minecraft:dirt":194,"minecraft:name_tag":1,"stalwart_dungeons:blaze_armor_scrap":44,"minecraft:bone":5,"minecraft:wheat_seeds":1,"stalwart_dungeons:tungsten_shield":1,"tacz:gun_smith_table":2,"minecraft:oak_planks":1,"minecraft:ghast_tear":2,"minecraft:chiseled_polished_blackstone":1,"minecraft:cooked_porkchop":69,"minecraft:lime_terracotta":16,"minecraft:polished_blackstone_slab":2,"doom:bullets":10,"minecraft:diamond":19,"minecraft:polished_blackstone_pressure_plate":4,"waystones:waystone":1,"stalwart_dungeons:tungsten_leggings":2,"minecraft:oak_sapling":9,"minecraft:netherrack":340,"minecraft:crimson_roots":1,"minecraft:end_stone_bricks":1,"minecraft:crafting_table":5,"minecraft:nether_wart":128,"minecraft:brown_mushroom":2,"minecraft:gold_block":2,"minecraft:diamond_horse_armor":1,"tempad:he_who_remains_tempad":1,"stalwart_dungeons:soul_bricks":165,"stalwart_dungeons:chorundum":3,"minecraft:flint_and_steel":1,"minecraft:netherite_scrap":30,"tacz:ammo":333,"minecraft:item_frame":2,"minecraft:blackstone":55,"usefulbackpacks:backpack_small":1,"minecraft:iron_nugget":8,"minecraft:raw_iron":7,"minecraft:polished_blackstone_bricks":7,"doom:energy_cells":1,"minecraft:redstone":8,"minecraft:diamond_chestplate":1,"stalwart_dungeons:raw_tungsten":70,"minecraft:nether_bricks":33,"stalwart_dungeons:tungsten_axe":1,"minecraft:gold_ingot":23,"minecraft:polished_blackstone":2,"minecraft:bone_block":6,"minecraft:basalt":121,"minecraft:oak_log":24,"minecraft:golden_boots":1,"minecraft:nether_wart_block":1,"minecraft:gunpowder":2,"cataclysm:infernal_forge":3,"minecraft:apple":1,"stalwart_dungeons:pusher":2,"cataclysm:sandstorm_in_a_bottle":1,"minecraft:iron_ingot":34,"tombstone:bag_of_seeds":1,"minecraft:glass_bottle":5,"minecraft:book":4,"stalwart_dungeons:tungsten_ingot":2,"minecraft:quartz":12,"minecraft:cracked_nether_bricks":3,"stalwart_dungeons:soul_tiles":6,"doom:argent_energy":45,"minecraft:stone_axe":1,"tombstone:scroll_of_knowledge":2,"tacz:modern_kinetic_gun":4,"tombstone:magic_scroll":2,"minecraft:coal":45,"minecraft:ender_pearl":1},"minecraft:dropped":{"minecraft:brown_mushroom":2,"minecraft:porkchop":177,"stalwart_dungeons:soul_magma_bricks":21,"minecraft:lapis_lazuli":21,"minecraft:oak_log":6,"minecraft:glass_bottle":12,"minecraft:ender_pearl":1,"minecraft:diamond":7,"minecraft:crafting_table":2,"minecraft:cooked_porkchop":10,"minecraft:netherite_upgrade_smithing_template":2,"minecraft:lime_terracotta":16,"stalwart_dungeons:tungsten_shield":2,"relics:horse_flute":1,"doom:bullets":8,"minecraft:item_frame":2,"minecraft:cyan_terracotta":1,"minecraft:gray_concrete":1,"minecraft:dirt":23,"minecraft:netherite_scrap":12,"minecraft:polished_blackstone_pressure_plate":4,"minecraft:crimson_roots":1,"stalwart_dungeons:purpur_bricks":3,"irons_spellbooks:arcane_essence":98,"minecraft:bone_block":6,"minecraft:polished_blackstone_bricks":6,"doom:energy_cells":1,"minecraft:polished_blackstone_slab":2,"artifacts:cowboy_hat":1,"minecraft:gold_ingot":22,"minecraft:bone":5,"minecraft:stone_axe":1,"minecraft:blackstone":2,"irons_spellbooks:blank_rune":2,"doom:argent_energy":17,"minecraft:iron_nugget":16,"stalwart_dungeons:tungsten_leggings":4,"minecraft:nether_brick":25,"minecraft:oak_planks":1,"artifacts:chorus_totem":1,"minecraft:red_candle":3,"minecraft:gunpowder":4,"tombstone:scroll_of_knowledge":1,"minecraft:basalt":5,"cataclysm:infernal_forge":2,"minecraft:end_stone_bricks":1,"stalwart_dungeons:pusher":2,"minecraft:cracked_nether_bricks":1,"minecraft:ghast_tear":11,"stalwart_dungeons:tungsten_ingot":18,"minecraft:quartz":22,"minecraft:splash_potion":1,"minecraft:netherrack":65,"minecraft:enchanted_book":15,"minecraft:water_bucket":1,"minecraft:iron_ingot":46,"minecraft:wheat_seeds":1,"minecraft:polished_blackstone":2,"minecraft:golden_horse_armor":1,"minecraft:diamond_leggings":2,"minecraft:cobblestone":31,"minecraft:book":4,"minecraft:apple":1,"tacz:gun_smith_table":2,"minecraft:stick":2,"stalwart_dungeons:blaze_armor_scrap":16,"irons_spellbooks:scroll":4,"minecraft:diamond_horse_armor":1,"stalwart_dungeons:soul_bricks":51,"irons_spellbooks:affinity_ring":1,"minecraft:brewing_stand":2,"tombstone:magic_scroll":1,"stalwart_dungeons:tungsten_chestplate":4,"stalwart_dungeons:tungsten_helmet":3,"minecraft:nether_wart_block":2,"doom:argent_plate":7,"tombstone:grave_dust":27,"tacz:modern_kinetic_gun":6,"stalwart_dungeons:tungsten_boots":4,"minecraft:bucket":2,"stalwart_dungeons:soul_tiles":3,"minecraft:redstone":16,"minecraft:furnace":7,"minecraft:soul_soil":2,"minecraft:green_terracotta":9,"minecraft:soul_torch":4,"minecraft:netherite_ingot":3,"minecraft:nether_wart":150,"minecraft:blaze_rod":97,"minecraft:raw_copper":36,"minecraft:raw_iron":2,"doom:shotgun_shells":4,"minecraft:name_tag":2,"relics:blazing_flask":1,"minecraft:nether_bricks":33,"minecraft:flint_and_steel":2,"minecraft:diamond_sword":2,"tempad:he_who_remains_tempad":1,"minecraft:diamond_chestplate":1,"stalwart_dungeons:shulker_cannon_item":4,"minecraft:diamond_pickaxe":3,"stalwart_dungeons:tungsten_axe":1,"minecraft:oak_sapling":8,"minecraft:golden_sword":1,"tacz:ammo":54,"stalwart_dungeons:chorundum":8,"waystones:waystone":2,"minecraft:magma_cream":7,"minecraft:magma_block":3},"minecraft:broken":{"stalwart_dungeons:tungsten_chestplate":1,"stalwart_dungeons:tungsten_helmet":1,"stalwart_dungeons:tungsten_leggings":1,"doom:soulcube":1,"stalwart_dungeons:tungsten_boots":1},"minecraft:killed":{"doom:possessed_scientist":3,"doom:pinky":1,"doom:lost_soul":4,"doom:possessed_soldier":6,"doom:baron":1,"doom:turret":2,"doom:cueball":3,"minecraft:piglin_brute":1,"minecraft:magma_cube":3,"minecraft:piglin":5,"minecraft:pig":49,"stalwart_dungeons:giddy_blaze":20,"doom:shotgunguy":3,"doom:zombieman":4,"stalwart_dungeons:incomplete_wither":3,"doom:mechazombie":3,"doom:whiplash":2,"doom:revenant2016":1,"doom:imp":3,"doom:unwilling":2,"stalwart_dungeons:nether_wart_cocoon":9,"doom:spectre":3,"stalwart_dungeons:reinforced_blaze":40,"doom:chaingunner":3,"doom:gargoyle":5,"doom:doom_hunter":2},"minecraft:mined":{"minecraft:red_nether_bricks":1,"minecraft:obsidian":12,"minecraft:grass_block":16,"minecraft:soul_soil":3,"minecraft:spawner":9,"minecraft:polished_blackstone_bricks":4,"stalwart_dungeons:purpur_bricks":3,"minecraft:iron_ore":7,"minecraft:fire":5,"minecraft:enchanting_table":1,"minecraft:iron_bars":1,"stalwart_dungeons:soul_magma_bricks":20,"minecraft:end_stone_bricks":4,"minecraft:brown_mushroom":2,"minecraft:cyan_terracotta":1,"minecraft:blackstone":57,"minecraft:crimson_nylium":1,"minecraft:soul_fire":3,"stalwart_dungeons:soul_tiles":6,"stalwart_dungeons:chorundum_ore":3,"minecraft:nether_quartz_ore":3,"minecraft:wither_skeleton_wall_skull":2,"minecraft:cobblestone":12,"minecraft:oak_planks":3,"minecraft:nether_wart_block":1,"minecraft:grass":1,"minecraft:oak_log":18,"minecraft:lime_terracotta":16,"minecraft:dirt":16,"stalwart_dungeons:pusher":2,"minecraft:netherrack":294,"minecraft:oak_leaves":9,"stalwart_dungeons:soul_bricks":161,"minecraft:nether_bricks":35,"minecraft:crimson_roots":4,"minecraft:cracked_nether_bricks":4,"minecraft:furnace":6,"minecraft:green_terracotta":22,"minecraft:gold_block":2,"minecraft:stone":326,"minecraft:gray_concrete":1,"minecraft:basalt":126,"minecraft:crafting_table":4,"minecraft:tall_grass":4,"stalwart_dungeons:tungsten_ore":70,"minecraft:coal_ore":30}},"DataVersion":3465}