{"stats":{"minecraft:used":{"minecraft:diamond_shovel":95,"tombstone:magic_scroll":4,"minecraft:diamond_axe":8,"minecraft:diamond_chestplate":1,"minecraft:nether_wart_block":3,"minecraft:dirt":19,"minecraft:soul_soil":3,"stalwart_dungeons:soul_bricks":29,"minecraft:crafting_table":1,"minecraft:porkchop":1,"minecraft:cooked_porkchop":18,"tombstone:gift":4,"minecraft:splash_potion":1},"minecraft:crafted":{"minecraft:crimson_planks":8,"minecraft:diamond_pickaxe":1,"minecraft:diamond_axe":1,"minecraft:crafting_table":1,"minecraft:stick":4},"minecraft:custom":{"minecraft:time_since_rest":27021,"minecraft:sprint_one_cm":136909,"minecraft:damage_taken":2238,"minecraft:walk_one_cm":72639,"minecraft:mob_kills":23,"minecraft:drop":1,"minecraft:damage_dealt":290,"minecraft:swim_one_cm":20725,"minecraft:interact_with_crafting_table":2,"minecraft:fly_one_cm":128014,"minecraft:open_chest":7,"minecraft:crouch_one_cm":5207,"minecraft:play_time":33142,"tombstone:undead_killed":16,"minecraft:deaths":2,"minecraft:sneak_time":1950,"minecraft:walk_under_water_one_cm":6214,"minecraft:jump":659,"minecraft:leave_game":2,"minecraft:time_since_death":29420,"minecraft:walk_on_water_one_cm":17864,"minecraft:total_world_time":33142,"minecraft:damage_resisted":154,"minecraft:fall_one_cm":19539},"minecraft:killed_by":{"minecraft:player":2},"minecraft:picked_up":{"stalwart_dungeons:transient_block_close":3,"minecraft:splash_potion":1,"minecraft:cooked_porkchop":20,"minecraft:crimson_stem":8,"doom:shotgun_shells":1,"minecraft:porkchop":42,"doom:argent_energy":9,"minecraft:nether_brick":8,"stalwart_dungeons:soul_bricks":29,"tombstone:grave_dust":2,"minecraft:nether_wart_block":3,"doom:bullets":3,"minecraft:dirt":98,"minecraft:soul_soil":4,"minecraft:bundle":1,"tacz:ammo":432,"tacz:modern_kinetic_gun":2,"tombstone:magic_scroll":1,"minecraft:blaze_rod":13,"relics:blazing_flask":1},"minecraft:dropped":{"minecraft:soul_soil":1},"minecraft:killed":{"doom:cacodemon":1,"doom:stone_imp":1,"doom:shotgunguy":1,"doom:zombieman":1,"doom:spectre":2,"stalwart_dungeons:nether_wart_cocoon":1,"doom:mechazombie":1,"stalwart_dungeons:giddy_blaze":5,"doom:cueball":1,"doom:lost_soul":3,"doom:prowler":1,"doom:possessed_soldier":2,"doom:imp":2},"minecraft:mined":{"minecraft:nether_wart_block":3,"stalwart_dungeons:transient_block_close":3,"minecraft:grass_block":44,"minecraft:dirt":56,"minecraft:soul_soil":2,"minecraft:crimson_stem":9}},"DataVersion":3465}