{"stats":{"minecraft:used":{"minecraft:diamond_axe":33,"minecraft:netherrack":2,"minecraft:dirt":58,"stalwart_dungeons:soul_bricks":29,"minecraft:crafting_table":2,"minecraft:diamond_pickaxe":19,"minecraft:diamond_shovel":95,"tombstone:magic_scroll":4,"minecraft:diamond_chestplate":1,"minecraft:nether_wart_block":3,"minecraft:soul_soil":3,"minecraft:cooked_porkchop":24,"minecraft:porkchop":1,"minecraft:bucket":1,"tombstone:gift":4,"minecraft:splash_potion":1},"minecraft:crafted":{"minecraft:crimson_planks":52,"minecraft:diamond_axe":1,"minecraft:crafting_table":2,"minecraft:bucket":1,"minecraft:diamond_pickaxe":1,"tombstone:grave_key":1,"minecraft:stick":4},"minecraft:custom":{"minecraft:mob_kills":34,"minecraft:interact_with_crafting_table":3,"minecraft:leave_game":2,"minecraft:time_since_death":9492,"minecraft:damage_resisted":166,"minecraft:time_since_rest":8499,"minecraft:sprint_one_cm":233257,"minecraft:damage_taken":3266,"minecraft:walk_one_cm":129320,"minecraft:drop":12,"minecraft:damage_dealt":1153,"minecraft:swim_one_cm":61204,"minecraft:fly_one_cm":204401,"minecraft:open_chest":10,"minecraft:crouch_one_cm":7872,"minecraft:play_time":57142,"tombstone:undead_killed":22,"minecraft:deaths":4,"minecraft:sneak_time":2785,"minecraft:walk_under_water_one_cm":8405,"minecraft:jump":1094,"minecraft:walk_on_water_one_cm":24069,"minecraft:total_world_time":57142,"minecraft:fall_one_cm":28970},"minecraft:killed_by":{"minecraft:player":3},"minecraft:picked_up":{"minecraft:crimson_hyphae":1,"minecraft:crafting_table":1,"minecraft:splash_potion":1,"doom:argent_bolt":3,"doom:shotgun_shells":1,"minecraft:crimson_stem":12,"minecraft:nether_brick":8,"stalwart_dungeons:soul_bricks":30,"minecraft:nether_wart_block":3,"minecraft:dirt":127,"minecraft:soul_soil":4,"tacz:ammo":432,"stalwart_dungeons:tungsten_helmet":1,"minecraft:wheat_seeds":1,"minecraft:enchanted_golden_apple":1,"relics:blazing_flask":1,"minecraft:soul_sand":7,"stalwart_dungeons:transient_block_close":8,"minecraft:cooked_porkchop":25,"stalwart_dungeons:tungsten_boots":1,"minecraft:porkchop":56,"stalwart_dungeons:soul_tiles":6,"stalwart_dungeons:tungsten_chestplate":1,"doom:argent_energy":15,"doom:energy_cells":3,"tombstone:grave_dust":4,"doom:bullets":6,"stalwart_dungeons:soul_magma_bricks":1,"minecraft:bundle":1,"tacz:modern_kinetic_gun":2,"minecraft:nether_bricks":5,"tombstone:magic_scroll":1,"minecraft:blaze_rod":13,"minecraft:netherrack":66},"minecraft:dropped":{"minecraft:soul_sand":14,"minecraft:soul_soil":1,"stalwart_dungeons:soul_magma_bricks":1,"minecraft:book":2,"minecraft:nether_bricks":1,"stalwart_dungeons:soul_bricks":1,"minecraft:dirt":6,"minecraft:stone":14,"stalwart_dungeons:transient_block_close":8,"stalwart_dungeons:soul_tiles":6},"minecraft:killed":{"doom:cacodemon":1,"doom:stone_imp":1,"doom:baron2016":1,"minecraft:pig":2,"doom:spectre":2,"doom:possessed_worker":1,"stalwart_dungeons:giddy_blaze":5,"doom:lost_soul":3,"doom:possessed_soldier":2,"doom:imp":3,"doom:zombieman":2,"doom:shotgunguy":1,"doom:arachnotron":1,"stalwart_dungeons:nether_wart_cocoon":4,"doom:mechazombie":1,"doom:cueball":1,"doom:prowler":2},"minecraft:mined":{"stalwart_dungeons:soul_bricks":1,"stalwart_dungeons:transient_block_close":4,"stalwart_dungeons:soul_tiles":6,"minecraft:crafting_table":1,"minecraft:nether_bricks":5,"minecraft:grass_block":55,"minecraft:soul_soil":2,"minecraft:cracked_nether_bricks":1,"minecraft:crimson_stem":14,"minecraft:nether_wart_block":3,"stalwart_dungeons:soul_magma_bricks":1,"minecraft:dirt":62,"minecraft:netherrack":2,"minecraft:crimson_hyphae":1}},"DataVersion":3465}