{"stats":{"minecraft:dropped":{"minecraft:soul_soil":1},"minecraft:killed_by":{"minecraft:player":2},"minecraft:picked_up":{"minecraft:soul_soil":2,"minecraft:splash_potion":1,"tacz:ammo":288,"tacz:modern_kinetic_gun":1,"stalwart_dungeons:soul_bricks":29,"tombstone:grave_dust":1,"relics:blazing_flask":1},"minecraft:custom":{"minecraft:time_since_rest":1,"minecraft:play_time":4557,"minecraft:sprint_one_cm":9798,"minecraft:walk_one_cm":9531,"minecraft:damage_taken":420,"minecraft:deaths":2,"minecraft:walk_under_water_one_cm":1537,"minecraft:drop":1,"minecraft:jump":51,"minecraft:damage_dealt":91,"minecraft:time_since_death":835,"minecraft:walk_on_water_one_cm":1635,"minecraft:total_world_time":4557,"minecraft:fall_one_cm":418,"minecraft:fly_one_cm":8259},"minecraft:used":{"tombstone:gift":2,"minecraft:splash_potion":1}},"DataVersion":3465}