{"stats":{"minecraft:dropped":{"minecraft:soul_soil":1},"minecraft:killed_by":{"minecraft:player":2},"minecraft:picked_up":{"stalwart_dungeons:transient_block_close":2,"minecraft:splash_potion":1,"minecraft:cooked_porkchop":20,"doom:shotgun_shells":1,"minecraft:porkchop":42,"doom:argent_energy":9,"minecraft:nether_brick":4,"stalwart_dungeons:soul_bricks":29,"tombstone:grave_dust":2,"doom:bullets":3,"minecraft:dirt":98,"minecraft:soul_soil":4,"minecraft:bundle":1,"tacz:ammo":432,"tacz:modern_kinetic_gun":2,"tombstone:magic_scroll":1,"minecraft:blaze_rod":12,"relics:blazing_flask":1},"minecraft:custom":{"minecraft:time_since_rest":22483,"minecraft:sprint_one_cm":131216,"minecraft:damage_taken":2158,"minecraft:walk_one_cm":68086,"minecraft:mob_kills":20,"minecraft:drop":1,"minecraft:damage_dealt":91,"minecraft:swim_one_cm":20725,"minecraft:fly_one_cm":122835,"minecraft:open_chest":6,"minecraft:crouch_one_cm":4673,"minecraft:play_time":28604,"tombstone:undead_killed":16,"minecraft:deaths":2,"minecraft:sneak_time":1328,"minecraft:walk_under_water_one_cm":6214,"minecraft:jump":613,"minecraft:leave_game":1,"minecraft:walk_on_water_one_cm":17864,"minecraft:time_since_death":24882,"minecraft:damage_resisted":150,"minecraft:total_world_time":28604,"minecraft:fall_one_cm":19270},"minecraft:mined":{"stalwart_dungeons:transient_block_close":2,"minecraft:grass_block":44,"minecraft:dirt":56,"minecraft:soul_soil":2},"minecraft:killed":{"doom:cacodemon":1,"doom:stone_imp":1,"doom:zombieman":1,"doom:shotgunguy":1,"doom:spectre":2,"doom:mechazombie":1,"stalwart_dungeons:giddy_blaze":3,"doom:lost_soul":3,"doom:cueball":1,"doom:prowler":1,"doom:possessed_soldier":2,"doom:imp":2},"minecraft:used":{"minecraft:diamond_shovel":95,"tombstone:magic_scroll":3,"minecraft:diamond_chestplate":1,"minecraft:dirt":13,"minecraft:soul_soil":3,"stalwart_dungeons:soul_bricks":29,"minecraft:cooked_porkchop":16,"minecraft:porkchop":1,"tombstone:gift":4,"minecraft:splash_potion":1}},"DataVersion":3465}