{"stats":{"minecraft:used":{"stalwart_dungeons:tungsten_chestplate":1,"minecraft:chest":1,"minecraft:ender_pearl":1,"minecraft:stone":1,"stalwart_dungeons:tungsten_boots":1,"minecraft:chiseled_nether_bricks":1,"minecraft:netherrack":1,"minecraft:dirt":28,"minecraft:crafting_table":1,"minecraft:nether_bricks":83,"minecraft:deepslate_lapis_ore":5,"relics:horse_flute":4,"stalwart_dungeons:tungsten_leggings":1,"minecraft:diamond_pickaxe":372,"stalwart_dungeons:spore_vaporizer":1,"minecraft:cracked_nether_bricks":2,"cataclysm:athame":12,"minecraft:nether_wart_block":6,"minecraft:cobblestone":31,"minecraft:porkchop":23,"minecraft:cooked_porkchop":18,"tombstone:gift":4},"minecraft:crafted":{"minecraft:oak_planks":20,"minecraft:cooked_porkchop":22,"minecraft:crafting_table":1,"minecraft:air":0,"minecraft:iron_ingot":2,"minecraft:chest":1,"minecraft:netherite_ingot":1,"stalwart_dungeons:tungsten_ingot":3},"minecraft:custom":{"minecraft:interact_with_furnace":20,"minecraft:mob_kills":16,"minecraft:interact_with_crafting_table":3,"minecraft:leave_game":5,"minecraft:time_since_death":27541,"minecraft:damage_resisted":72,"minecraft:time_since_rest":26666,"minecraft:sprint_one_cm":210176,"minecraft:damage_taken":4515,"minecraft:walk_one_cm":105258,"minecraft:drop":39,"minecraft:damage_dealt":1347,"minecraft:swim_one_cm":35071,"minecraft:fly_one_cm":262749,"minecraft:player_kills":1,"minecraft:open_chest":21,"minecraft:crouch_one_cm":9527,"minecraft:play_time":110958,"tombstone:undead_killed":3,"minecraft:deaths":9,"minecraft:sneak_time":4618,"minecraft:walk_under_water_one_cm":3382,"minecraft:jump":1729,"minecraft:walk_on_water_one_cm":30856,"minecraft:total_world_time":110958,"minecraft:fall_one_cm":37331},"minecraft:killed_by":{"doom:doom_hunter":1,"minecraft:player":4,"doom:arachnotroneternal":1,"stalwart_dungeons:giddy_blaze":2},"minecraft:picked_up":{"irons_spellbooks:scroll":2,"minecraft:crimson_hyphae":1,"minecraft:nether_brick_fence":1,"minecraft:nether_wart":5,"doom:shotgun_shells":2,"stalwart_dungeons:shulker_cannon_item":4,"irons_spellbooks:affinity_ring":1,"artifacts:chorus_totem":1,"minecraft:enchanted_book":1,"minecraft:diamond_horse_armor":1,"minecraft:nether_brick":5,"minecraft:oak_log":14,"doom:argent_plate":7,"minecraft:nether_wart_block":17,"minecraft:gunpowder":2,"minecraft:lapis_lazuli":93,"minecraft:dirt":41,"minecraft:raw_copper":4,"minecraft:deepslate_lapis_ore":5,"minecraft:netherite_scrap":9,"tacz:ammo":197,"minecraft:apple":2,"minecraft:gold_nugget":1,"usefulbackpacks:backpack_small":1,"minecraft:cobbled_deepslate":5,"minecraft:raw_gold":8,"minecraft:iron_ingot":7,"minecraft:netherite_upgrade_smithing_template":2,"minecraft:iron_pickaxe":1,"minecraft:oak_planks":9,"minecraft:book":4,"minecraft:ghast_tear":3,"minecraft:stick":1,"minecraft:raw_iron":9,"minecraft:stone":1,"minecraft:cooked_porkchop":26,"stalwart_dungeons:tungsten_ingot":2,"minecraft:cracked_nether_bricks":5,"minecraft:porkchop":98,"stalwart_dungeons:tungsten_chestplate":1,"stalwart_dungeons:tungsten_boots":1,"doom:argent_energy":10,"tombstone:grave_dust":6,"doom:bullets":1,"minecraft:chiseled_nether_bricks":1,"minecraft:stone_axe":1,"minecraft:bundle":1,"stalwart_dungeons:spore_vaporizer":2,"minecraft:rotten_flesh":1,"artifacts:cowboy_hat":1,"minecraft:deepslate":2,"minecraft:diamond":7,"waystones:waystone":2,"tacz:modern_kinetic_gun":2,"minecraft:nether_bricks":98,"relics:horse_flute":1,"cataclysm:athame":1,"stalwart_dungeons:tungsten_leggings":1,"tombstone:essence_of_undeath":1,"minecraft:gold_ingot":15,"minecraft:oak_sapling":2,"minecraft:blaze_rod":33,"minecraft:netherrack":1,"minecraft:coal":2,"minecraft:cobblestone":215,"minecraft:diamond_pickaxe":3},"minecraft:dropped":{"stalwart_dungeons:spore_vaporizer":1,"minecraft:stone_axe":1,"minecraft:cobbled_deepslate":5,"minecraft:raw_copper":4,"minecraft:nether_brick":2,"minecraft:deepslate":2,"minecraft:cooked_porkchop":1,"minecraft:rotten_flesh":1,"minecraft:cobblestone":63,"minecraft:nether_brick_fence":1,"minecraft:nether_bricks":4,"minecraft:coal":2,"minecraft:dirt":13,"minecraft:nether_wart_block":10,"minecraft:iron_pickaxe":1,"minecraft:gold_nugget":1,"minecraft:cracked_nether_bricks":2,"minecraft:ghast_tear":2,"minecraft:crimson_hyphae":1},"minecraft:killed":{"minecraft:pig":6,"doom:possessed_worker":1,"doom:unwilling":1,"stalwart_dungeons:nether_wart_cocoon":7,"doom:gargoyle":1},"minecraft:mined":{"stalwart_dungeons:spore_vaporizer":2,"minecraft:chiseled_nether_bricks":1,"minecraft:nether_bricks":89,"minecraft:grass_block":3,"minecraft:cobblestone":1,"minecraft:deepslate_gold_ore":1,"minecraft:lapis_ore":6,"minecraft:nether_wart":2,"minecraft:cracked_nether_bricks":4,"minecraft:spawner":1,"minecraft:nether_wart_block":16,"minecraft:fire":1,"minecraft:deepslate_lapis_ore":10,"minecraft:nether_brick_fence":1,"minecraft:coal_ore":2,"minecraft:oak_log":8,"minecraft:dirt":20,"minecraft:stone":154,"minecraft:netherrack":1,"minecraft:gold_ore":7,"minecraft:oak_leaves":2,"minecraft:crimson_hyphae":1,"minecraft:deepslate":1}},"DataVersion":3465}