{"stats":{"minecraft:used":{"minecraft:ender_pearl":1,"minecraft:dirt":28,"minecraft:crafting_table":1,"minecraft:nether_bricks":13,"minecraft:diamond_pickaxe":115,"stalwart_dungeons:spore_vaporizer":1,"minecraft:cobblestone":11,"minecraft:porkchop":4,"minecraft:cooked_porkchop":12,"tombstone:gift":4},"minecraft:crafted":{"minecraft:oak_planks":8,"minecraft:cooked_porkchop":22,"minecraft:crafting_table":1,"minecraft:air":0,"minecraft:netherite_ingot":1},"minecraft:custom":{"minecraft:interact_with_furnace":12,"minecraft:mob_kills":14,"minecraft:interact_with_crafting_table":1,"minecraft:leave_game":4,"minecraft:time_since_death":2671,"minecraft:damage_resisted":72,"minecraft:time_since_rest":1459,"minecraft:sprint_one_cm":127058,"minecraft:damage_taken":3501,"minecraft:walk_one_cm":64781,"minecraft:drop":7,"minecraft:damage_dealt":1253,"minecraft:swim_one_cm":26740,"minecraft:fly_one_cm":186225,"minecraft:player_kills":1,"minecraft:open_chest":8,"minecraft:crouch_one_cm":2705,"tombstone:undead_killed":1,"minecraft:play_time":64855,"minecraft:deaths":8,"minecraft:sneak_time":1225,"minecraft:walk_under_water_one_cm":2475,"minecraft:jump":1001,"minecraft:walk_on_water_one_cm":28519,"minecraft:total_world_time":64855,"minecraft:fall_one_cm":17581},"minecraft:killed_by":{"doom:doom_hunter":1,"minecraft:player":3,"doom:arachnotroneternal":1,"stalwart_dungeons:giddy_blaze":2},"minecraft:picked_up":{"irons_spellbooks:scroll":1,"minecraft:crimson_hyphae":1,"minecraft:nether_brick_fence":1,"doom:shotgun_shells":2,"stalwart_dungeons:shulker_cannon_item":4,"irons_spellbooks:affinity_ring":1,"artifacts:chorus_totem":1,"minecraft:enchanted_book":1,"minecraft:diamond_horse_armor":1,"minecraft:nether_brick":5,"minecraft:oak_log":14,"minecraft:nether_wart_block":16,"minecraft:gunpowder":2,"minecraft:lapis_lazuli":21,"minecraft:dirt":29,"minecraft:netherite_scrap":9,"tacz:ammo":197,"minecraft:apple":2,"minecraft:iron_ingot":3,"minecraft:oak_planks":9,"minecraft:book":4,"minecraft:ghast_tear":2,"minecraft:stick":1,"minecraft:cooked_porkchop":17,"stalwart_dungeons:tungsten_ingot":2,"minecraft:cracked_nether_bricks":3,"minecraft:porkchop":98,"doom:argent_energy":2,"tombstone:grave_dust":6,"minecraft:bundle":1,"stalwart_dungeons:spore_vaporizer":1,"artifacts:cowboy_hat":1,"minecraft:diamond":7,"minecraft:nether_bricks":31,"tacz:modern_kinetic_gun":2,"waystones:waystone":2,"minecraft:gold_ingot":10,"minecraft:oak_sapling":2,"minecraft:blaze_rod":33,"minecraft:cobblestone":1,"minecraft:diamond_pickaxe":3},"minecraft:dropped":{"minecraft:nether_brick":2,"minecraft:nether_brick_fence":1,"minecraft:nether_bricks":1,"minecraft:dirt":1,"minecraft:nether_wart_block":10,"minecraft:cracked_nether_bricks":1,"minecraft:crimson_hyphae":1},"minecraft:killed":{"minecraft:pig":6,"stalwart_dungeons:nether_wart_cocoon":7,"doom:gargoyle":1},"minecraft:mined":{"stalwart_dungeons:spore_vaporizer":1,"minecraft:nether_bricks":21,"minecraft:cobblestone":1,"minecraft:cracked_nether_bricks":2,"minecraft:nether_wart_block":15,"minecraft:nether_brick_fence":1,"minecraft:oak_log":8,"minecraft:dirt":11,"minecraft:oak_leaves":2,"minecraft:crimson_hyphae":1}},"DataVersion":3465}