{"stats":{"minecraft:used":{"minecraft:dirt":1,"minecraft:cooked_porkchop":5},"minecraft:crafted":{"minecraft:cooked_porkchop":22,"minecraft:air":0},"minecraft:custom":{"minecraft:open_chest":2,"minecraft:time_since_rest":1764,"minecraft:deaths":3,"minecraft:interact_with_furnace":12,"minecraft:crouch_one_cm":475,"minecraft:sprint_one_cm":81041,"minecraft:play_time":31545,"minecraft:damage_taken":1250,"minecraft:walk_one_cm":37793,"minecraft:sneak_time":147,"minecraft:walk_under_water_one_cm":1985,"minecraft:mob_kills":6,"minecraft:jump":469,"minecraft:damage_dealt":48,"minecraft:leave_game":3,"minecraft:walk_on_water_one_cm":12802,"minecraft:time_since_death":3819,"minecraft:total_world_time":31545,"minecraft:swim_one_cm":25151,"minecraft:fall_one_cm":8493,"minecraft:fly_one_cm":94900,"minecraft:player_kills":1},"minecraft:killed_by":{"doom:doom_hunter":1,"minecraft:player":2},"minecraft:picked_up":{"minecraft:ghast_tear":1,"minecraft:netherite_scrap":9,"tacz:ammo":144,"stalwart_dungeons:shulker_cannon_item":4,"minecraft:cooked_porkchop":10,"doom:shotgun_shells":1,"minecraft:apple":1,"tacz:modern_kinetic_gun":1,"waystones:waystone":1,"artifacts:chorus_totem":1,"minecraft:porkchop":44,"minecraft:oak_log":8,"tombstone:grave_dust":3,"minecraft:oak_sapling":1,"minecraft:dirt":18},"minecraft:killed":{"minecraft:pig":6},"minecraft:mined":{"minecraft:oak_log":8,"minecraft:oak_leaves":2}},"DataVersion":3465}