{"stats":{"minecraft:custom":{"minecraft:jump":13,"minecraft:time_since_rest":5341,"minecraft:damage_dealt":8,"minecraft:leave_game":2,"minecraft:crouch_one_cm":98,"minecraft:play_time":5341,"minecraft:sprint_one_cm":1109,"minecraft:time_since_death":5341,"minecraft:walk_on_water_one_cm":138,"minecraft:walk_one_cm":3904,"minecraft:sneak_time":56,"minecraft:total_world_time":5341,"minecraft:walk_under_water_one_cm":112,"minecraft:swim_one_cm":1896,"minecraft:fly_one_cm":336},"minecraft:picked_up":{"tacz:ammo":144,"tacz:modern_kinetic_gun":1}},"DataVersion":3465}