{"stats":{"minecraft:used":{"minecraft:ender_pearl":1,"minecraft:netherrack":1,"minecraft:dirt":28,"minecraft:crafting_table":1,"minecraft:nether_bricks":68,"minecraft:diamond_pickaxe":176,"minecraft:cracked_nether_bricks":2,"stalwart_dungeons:spore_vaporizer":1,"minecraft:nether_wart_block":5,"minecraft:cobblestone":11,"minecraft:porkchop":18,"minecraft:cooked_porkchop":12,"tombstone:gift":4},"minecraft:crafted":{"minecraft:oak_planks":8,"minecraft:cooked_porkchop":22,"minecraft:crafting_table":1,"minecraft:air":0,"minecraft:netherite_ingot":1},"minecraft:custom":{"minecraft:interact_with_furnace":12,"minecraft:mob_kills":15,"minecraft:interact_with_crafting_table":1,"minecraft:leave_game":4,"minecraft:time_since_death":14671,"minecraft:damage_resisted":72,"minecraft:time_since_rest":13459,"minecraft:sprint_one_cm":151495,"minecraft:damage_taken":3701,"minecraft:walk_one_cm":75875,"minecraft:drop":7,"minecraft:damage_dealt":1293,"minecraft:swim_one_cm":35071,"minecraft:fly_one_cm":222869,"minecraft:player_kills":1,"minecraft:open_chest":11,"minecraft:crouch_one_cm":7219,"tombstone:undead_killed":2,"minecraft:play_time":76855,"minecraft:deaths":8,"minecraft:sneak_time":3088,"minecraft:walk_under_water_one_cm":3382,"minecraft:jump":1234,"minecraft:walk_on_water_one_cm":30175,"minecraft:total_world_time":76855,"minecraft:fall_one_cm":23060},"minecraft:killed_by":{"doom:doom_hunter":1,"minecraft:player":3,"doom:arachnotroneternal":1,"stalwart_dungeons:giddy_blaze":2},"minecraft:picked_up":{"irons_spellbooks:scroll":1,"minecraft:crimson_hyphae":1,"minecraft:nether_wart":5,"minecraft:nether_brick_fence":1,"doom:shotgun_shells":2,"stalwart_dungeons:shulker_cannon_item":4,"irons_spellbooks:affinity_ring":1,"artifacts:chorus_totem":1,"minecraft:enchanted_book":1,"minecraft:diamond_horse_armor":1,"minecraft:nether_brick":5,"minecraft:oak_log":14,"minecraft:nether_wart_block":16,"minecraft:gunpowder":2,"minecraft:lapis_lazuli":21,"minecraft:dirt":29,"minecraft:netherite_scrap":9,"tacz:ammo":197,"minecraft:apple":2,"minecraft:iron_ingot":3,"minecraft:oak_planks":9,"minecraft:book":4,"minecraft:ghast_tear":2,"minecraft:stick":1,"minecraft:cooked_porkchop":17,"stalwart_dungeons:tungsten_ingot":2,"minecraft:cracked_nether_bricks":4,"minecraft:porkchop":98,"doom:argent_energy":3,"tombstone:grave_dust":6,"minecraft:chiseled_nether_bricks":1,"minecraft:bundle":1,"stalwart_dungeons:spore_vaporizer":1,"artifacts:cowboy_hat":1,"minecraft:diamond":7,"minecraft:nether_bricks":85,"tacz:modern_kinetic_gun":2,"waystones:waystone":2,"tombstone:essence_of_undeath":1,"minecraft:gold_ingot":10,"minecraft:oak_sapling":2,"minecraft:blaze_rod":33,"minecraft:netherrack":1,"minecraft:cobblestone":1,"minecraft:diamond_pickaxe":3},"minecraft:dropped":{"minecraft:nether_brick":2,"minecraft:nether_brick_fence":1,"minecraft:nether_bricks":1,"minecraft:dirt":1,"minecraft:nether_wart_block":10,"minecraft:cracked_nether_bricks":1,"minecraft:crimson_hyphae":1},"minecraft:killed":{"minecraft:pig":6,"doom:unwilling":1,"stalwart_dungeons:nether_wart_cocoon":7,"doom:gargoyle":1},"minecraft:mined":{"stalwart_dungeons:spore_vaporizer":1,"minecraft:chiseled_nether_bricks":1,"minecraft:nether_bricks":76,"minecraft:cobblestone":1,"minecraft:nether_wart":2,"minecraft:cracked_nether_bricks":3,"minecraft:spawner":1,"minecraft:nether_wart_block":15,"minecraft:nether_brick_fence":1,"minecraft:oak_log":8,"minecraft:dirt":11,"minecraft:netherrack":1,"minecraft:oak_leaves":2,"minecraft:crimson_hyphae":1}},"DataVersion":3465}