{"stats":{"minecraft:used":{"minecraft:chest":1,"minecraft:stone":4,"minecraft:iron_sword":3,"stalwart_dungeons:tungsten_boots":1,"minecraft:netherrack":1,"minecraft:dirt":28,"minecraft:nether_bricks":83,"stalwart_dungeons:spore_vaporizer":1,"cataclysm:amethyst_crab_meat":6,"tombstone:gift":5,"stalwart_dungeons:tungsten_chestplate":1,"minecraft:glass_bottle":1,"minecraft:ender_pearl":1,"minecraft:chiseled_nether_bricks":1,"minecraft:crafting_table":1,"minecraft:deepslate_lapis_ore":5,"relics:horse_flute":4,"stalwart_dungeons:tungsten_leggings":1,"minecraft:diamond_pickaxe":376,"minecraft:apple":1,"minecraft:cracked_nether_bricks":2,"cataclysm:athame":45,"minecraft:nether_wart_block":6,"minecraft:cobblestone":77,"minecraft:potion":2,"minecraft:cooked_porkchop":30,"minecraft:porkchop":34},"minecraft:crafted":{"minecraft:oak_planks":20,"minecraft:chest":1,"stalwart_dungeons:tungsten_ingot":3,"doom:classic_doom_helmet":1,"minecraft:cooked_porkchop":28,"minecraft:crafting_table":1,"minecraft:air":0,"minecraft:iron_ingot":2,"minecraft:gold_ingot":6,"minecraft:netherite_ingot":1},"minecraft:custom":{"minecraft:interact_with_smithing_table":3,"minecraft:mob_kills":34,"minecraft:interact_with_crafting_table":9,"minecraft:leave_game":6,"minecraft:time_since_death":6166,"minecraft:damage_resisted":76,"minecraft:sprint_one_cm":358226,"minecraft:walk_one_cm":212580,"minecraft:drop":60,"minecraft:play_time":170338,"minecraft:deaths":13,"minecraft:sneak_time":4927,"minecraft:walk_under_water_one_cm":9269,"tombstone:tomb_raiding":1,"minecraft:jump":2776,"minecraft:walk_on_water_one_cm":37996,"minecraft:total_world_time":170338,"minecraft:interact_with_furnace":33,"minecraft:time_since_rest":5439,"minecraft:damage_taken":8121,"minecraft:damage_dealt":1991,"minecraft:swim_one_cm":39578,"minecraft:fly_one_cm":452878,"minecraft:player_kills":2,"minecraft:open_chest":33,"minecraft:crouch_one_cm":10020,"tombstone:undead_killed":17,"minecraft:fall_one_cm":79935},"minecraft:killed_by":{"minecraft:player":4,"cataclysm:deepling_warlock":1,"stalwart_dungeons:giddy_blaze":2,"doom:doom_hunter":1,"doom:arachnotroneternal":1,"cataclysm:ancient_remnant":1},"minecraft:picked_up":{"irons_spellbooks:scroll":2,"minecraft:nether_wart":5,"minecraft:nether_brick_fence":1,"doom:shotgun_shells":2,"irons_spellbooks:affinity_ring":1,"artifacts:chorus_totem":1,"minecraft:enchanted_book":1,"minecraft:diamond_horse_armor":1,"minecraft:nether_brick":10,"doom:argent_plate":7,"minecraft:raw_copper":4,"minecraft:deepslate_lapis_ore":5,"minecraft:red_nether_bricks":1,"minecraft:netherite_scrap":12,"tacz:ammo":197,"usefulbackpacks:backpack_small":1,"minecraft:gold_nugget":1,"minecraft:cobbled_deepslate":5,"minecraft:netherite_upgrade_smithing_template":2,"minecraft:iron_pickaxe":1,"minecraft:stick":1,"minecraft:raw_iron":9,"minecraft:stone":19,"cataclysm:kobolediator_skull":1,"minecraft:porkchop":108,"stalwart_dungeons:tungsten_chestplate":1,"stalwart_dungeons:tungsten_boots":1,"tombstone:grave_dust":11,"cataclysm:burning_ashes":1,"minecraft:redstone":51,"minecraft:chiseled_nether_bricks":1,"artifacts:cowboy_hat":1,"minecraft:rotten_flesh":1,"minecraft:nether_bricks":100,"relics:horse_flute":1,"cataclysm:athame":1,"cataclysm:amethyst_crab_meat":6,"minecraft:gold_ingot":17,"tombstone:essence_of_undeath":1,"minecraft:blaze_rod":35,"minecraft:cobblestone":215,"minecraft:crimson_hyphae":1,"minecraft:basalt":2,"doom:argent_bolt":3,"stalwart_dungeons:shulker_cannon_item":4,"minecraft:oak_log":14,"minecraft:nether_wart_block":17,"minecraft:gunpowder":2,"minecraft:lapis_lazuli":93,"minecraft:dirt":42,"cataclysm:koboleton_bone":5,"minecraft:apple":2,"minecraft:wheat_seeds":2,"minecraft:raw_gold":8,"cataclysm:sandstorm_in_a_bottle":1,"minecraft:iron_ingot":7,"minecraft:oak_planks":9,"minecraft:book":4,"minecraft:ghast_tear":3,"minecraft:cooked_porkchop":58,"stalwart_dungeons:tungsten_ingot":2,"minecraft:cracked_nether_bricks":6,"doom:argent_energy":20,"doom:bullets":3,"minecraft:bundle":2,"stalwart_dungeons:spore_vaporizer":2,"minecraft:diamond":7,"minecraft:deepslate":2,"minecraft:stone_axe":1,"tacz:modern_kinetic_gun":2,"waystones:waystone":2,"cataclysm:ancient_metal_ingot":2,"stalwart_dungeons:tungsten_leggings":1,"cataclysm:ancient_metal_nugget":1,"minecraft:oak_sapling":2,"minecraft:netherrack":1,"minecraft:coal":2,"minecraft:diamond_pickaxe":3},"minecraft:dropped":{"stalwart_dungeons:spore_vaporizer":1,"minecraft:porkchop":63,"minecraft:wheat_seeds":2,"minecraft:glass_bottle":1,"minecraft:cooked_porkchop":1,"minecraft:cobblestone":63,"doom:bullets":2,"minecraft:coal":2,"minecraft:dirt":14,"minecraft:nether_wart_block":10,"minecraft:gold_nugget":1,"minecraft:iron_pickaxe":1,"minecraft:redstone":51,"minecraft:stone_axe":1,"minecraft:cobbled_deepslate":5,"minecraft:raw_copper":4,"minecraft:nether_brick":7,"minecraft:deepslate":2,"minecraft:rotten_flesh":1,"minecraft:nether_brick_fence":1,"minecraft:nether_bricks":6,"minecraft:bundle":1,"minecraft:basalt":2,"minecraft:red_nether_bricks":1,"minecraft:crimson_hyphae":1,"minecraft:cracked_nether_bricks":3,"minecraft:ghast_tear":2},"minecraft:killed":{"cataclysm:ignited_revenant":1,"doom:imp":2,"doom:unwilling":2,"stalwart_dungeons:nether_wart_cocoon":8,"doom:turret":1,"doom:mancubus":2,"minecraft:pig":6,"doom:spectre":2,"doom:possessed_worker":2,"cataclysm:the_watcher":1,"stalwart_dungeons:giddy_blaze":2,"doom:zombieman":2,"doom:mechazombie":1,"doom:gargoyle":2},"minecraft:mined":{"stalwart_dungeons:spore_vaporizer":2,"minecraft:red_nether_bricks":1,"minecraft:nether_bricks":89,"minecraft:grass_block":4,"minecraft:nether_wart":2,"minecraft:cracked_nether_bricks":4,"minecraft:spawner":1,"minecraft:fire":1,"minecraft:deepslate_lapis_ore":10,"minecraft:nether_brick_fence":1,"minecraft:stone":157,"minecraft:chiseled_nether_bricks":1,"minecraft:tall_grass":2,"minecraft:cobblestone":1,"minecraft:lapis_ore":6,"minecraft:deepslate_gold_ore":1,"minecraft:nether_wart_block":16,"minecraft:oak_log":8,"minecraft:coal_ore":2,"minecraft:dirt":20,"minecraft:netherrack":1,"minecraft:gold_ore":7,"minecraft:oak_leaves":2,"minecraft:crimson_hyphae":1,"minecraft:deepslate":1}},"DataVersion":3465}