{"stats":{"minecraft:used":{"minecraft:diamond_pickaxe":8,"minecraft:dirt":22,"minecraft:cobblestone":4,"minecraft:cooked_porkchop":6,"minecraft:nether_bricks":4},"minecraft:crafted":{"minecraft:cooked_porkchop":22,"minecraft:air":0},"minecraft:custom":{"minecraft:time_since_rest":4425,"minecraft:interact_with_furnace":12,"minecraft:sprint_one_cm":95691,"minecraft:damage_taken":1960,"minecraft:walk_one_cm":46137,"minecraft:mob_kills":7,"minecraft:damage_dealt":48,"minecraft:swim_one_cm":26740,"minecraft:fly_one_cm":139143,"minecraft:player_kills":1,"minecraft:open_chest":3,"minecraft:crouch_one_cm":2283,"minecraft:play_time":40988,"tombstone:undead_killed":1,"minecraft:deaths":5,"minecraft:sneak_time":809,"minecraft:walk_under_water_one_cm":2475,"minecraft:jump":688,"minecraft:leave_game":3,"minecraft:walk_on_water_one_cm":24540,"minecraft:time_since_death":5590,"minecraft:total_world_time":40988,"minecraft:fall_one_cm":10699},"minecraft:killed_by":{"doom:doom_hunter":1,"minecraft:player":2,"doom:arachnotroneternal":1},"minecraft:picked_up":{"minecraft:crimson_hyphae":1,"minecraft:ghast_tear":1,"minecraft:nether_brick_fence":1,"minecraft:cooked_porkchop":17,"doom:shotgun_shells":1,"stalwart_dungeons:shulker_cannon_item":4,"minecraft:cracked_nether_bricks":1,"artifacts:chorus_totem":1,"doom:argent_energy":1,"minecraft:porkchop":54,"minecraft:oak_log":8,"tombstone:grave_dust":3,"minecraft:nether_wart_block":2,"minecraft:dirt":27,"minecraft:bundle":1,"minecraft:netherite_scrap":9,"tacz:ammo":144,"minecraft:apple":1,"minecraft:nether_bricks":5,"tacz:modern_kinetic_gun":1,"waystones:waystone":1,"minecraft:oak_sapling":1,"minecraft:diamond_pickaxe":1},"minecraft:killed":{"minecraft:pig":6,"doom:gargoyle":1},"minecraft:mined":{"minecraft:nether_wart_block":2,"minecraft:nether_bricks":5,"minecraft:nether_brick_fence":1,"minecraft:oak_log":8,"minecraft:dirt":9,"minecraft:cracked_nether_bricks":1,"minecraft:oak_leaves":2,"minecraft:crimson_hyphae":1}},"DataVersion":3465}