{"stats":{"minecraft:mined":{"minecraft:crafting_table":3,"minecraft:grass_block":14,"minecraft:tall_grass":16,"minecraft:fire":6,"minecraft:coal_ore":25,"minecraft:oak_log":6,"minecraft:dirt":7,"minecraft:stone":26,"skyfall:sky_rock":3,"minecraft:oak_leaves":7},"minecraft:used":{"cataclysm:ignis_spawn_egg":1,"minecraft:polished_blackstone_brick_slab":1,"minecraft:polished_blackstone":11,"minecraft:stone_pickaxe":49,"minecraft:oak_planks":4,"minecraft:wooden_pickaxe":5,"minecraft:chest":4,"minecraft:polished_blackstone_wall":6,"minecraft:gilded_blackstone":1,"minecraft:golden_apple":5,"minecraft:dirt":14,"minecraft:crafting_table":2,"minecraft:polished_blackstone_slab":3,"minecraft:red_candle":3,"cataclysm:nameless_sorcerer_spawn_egg":7,"cataclysm:netherite_monstrosity_spawn_egg":1,"minecraft:wooden_sword":31,"skyfall:sky_rock":1,"minecraft:fire_charge":14,"minecraft:stone_axe":1,"minecraft:furnace":1,"cataclysm:void_forge":7,"minecraft:cobblestone":1,"minecraft:oak_sapling":21,"doom:doom_boots":1,"minecraft:porkchop":29,"minecraft:cooked_porkchop":8,"minecraft:chain":3,"tombstone:gift":6,"minecraft:polished_blackstone_stairs":3,"minecraft:bone_meal":31},"minecraft:custom":{"minecraft:interact_with_furnace":1,"minecraft:mob_kills":400,"minecraft:interact_with_crafting_table":10,"minecraft:leave_game":20,"minecraft:time_since_death":1902,"minecraft:time_since_rest":1859,"minecraft:sprint_one_cm":508207,"minecraft:damage_absorbed":160,"minecraft:damage_taken":11848,"minecraft:walk_one_cm":419023,"minecraft:drop":72,"minecraft:damage_dealt":10028,"minecraft:swim_one_cm":81208,"minecraft:fly_one_cm":2061839,"minecraft:player_kills":5,"minecraft:open_chest":47,"minecraft:play_time":246376,"minecraft:crouch_one_cm":7525,"tombstone:undead_killed":71,"minecraft:deaths":52,"minecraft:sneak_time":6512,"minecraft:walk_under_water_one_cm":27448,"tombstone:tomb_raiding":3,"minecraft:boat_one_cm":177767,"minecraft:jump":3848,"minecraft:walk_on_water_one_cm":93211,"minecraft:total_world_time":246376,"minecraft:fall_one_cm":76243,"minecraft:inspect_dispenser":2},"minecraft:killed":{"doom:whiplash":1,"doom:cacodemon":3,"doom:stone_imp":1,"minecraft:pig":316,"doom:spectre":5,"doom:possessed_worker":2,"doom:revenant":3,"stalwart_dungeons:giddy_blaze":8,"doom:pinky":6,"doom:lost_soul":1,"doom:possessed_soldier":8,"doom:imp":15,"doom:unwilling":5,"doom:shotgunguy":2,"doom:zombieman":2,"doom:mechazombie":2,"doom:maykr_drone":2,"doom:tentacle":1,"doom:gargoyle":9,"doom:doom_hunter":3,"minecraft:blaze":1},"minecraft:dropped":{"minecraft:enchanted_book":1,"minecraft:iron_ingot":3,"minecraft:porkchop":53,"minecraft:wheat_seeds":2,"minecraft:iron_nugget":3,"doom:argent_energy":10,"minecraft:diamond":1,"minecraft:cooked_porkchop":4,"tombstone:gift":3,"minecraft:pitcher_pod":1,"minecraft:torchflower_seeds":3,"minecraft:pumpkin_seeds":2,"minecraft:golden_apple":2,"minecraft:dirt":128,"tombstone:grave_key":3,"minecraft:beetroot_seeds":3,"minecraft:oak_sapling":1,"tombstone:grave_dust":3,"tacz:modern_kinetic_gun":7,"tacz:ammo":648,"minecraft:gold_ingot":5},"minecraft:killed_by":{"doom:doom_hunter":1,"doom:possessed_scientist":1,"minecraft:player":17,"cataclysm:netherite_monstrosity":3,"doom:chaingunner":2,"doom:marauder":1,"doom:pinky":2,"stalwart_dungeons:giddy_blaze":4,"doom:gargoyle":1},"minecraft:picked_up":{"minecraft:crafting_table":3,"doom:argent_bolt":12,"doom:shotgun_shells":10,"minecraft:chain":4,"minecraft:gilded_blackstone":2,"minecraft:nether_brick":23,"minecraft:oak_log":6,"tombstone:grave_key":3,"doom:powersphere":1,"minecraft:shield":1,"doom:rocket":12,"minecraft:dirt":26,"tombstone:gift":1,"minecraft:netherite_scrap":6,"minecraft:red_candle":3,"tacz:ammo":98,"minecraft:polished_blackstone_wall":6,"minecraft:wheat_seeds":5,"minecraft:gold_nugget":1,"minecraft:iron_nugget":3,"minecraft:glass_bottle":5,"doom:chaingunbullets":8,"minecraft:oak_planks":16,"skyfall:sky_rock":1,"minecraft:book":1,"minecraft:stick":7,"minecraft:polished_blackstone_stairs":3,"minecraft:chiseled_polished_blackstone":2,"minecraft:cooked_porkchop":35,"stalwart_dungeons:awful_dungeon_spawner":1,"minecraft:polished_blackstone_slab":3,"minecraft:fire_charge":132,"minecraft:porkchop":405,"doom:argent_energy":41,"minecraft:spruce_sapling":1,"tombstone:grave_dust":10,"minecraft:redstone":4,"stalwart_dungeons:keeping_castle_spawner":1,"doom:bullets":3,"minecraft:dispenser":2,"minecraft:polished_blackstone_pressure_plate":8,"tacz:modern_kinetic_gun":4,"minecraft:polished_basalt":64,"minecraft:cracked_polished_blackstone_bricks":6,"minecraft:bone_meal":64,"minecraft:saddle":1,"minecraft:emerald":5,"minecraft:polished_blackstone":11,"tombstone:magic_scroll":1,"minecraft:oak_sapling":12,"minecraft:blaze_rod":24,"minecraft:coal":25,"minecraft:cobblestone":25},"minecraft:crafted":{"minecraft:oak_planks":24,"minecraft:crafting_table":2,"minecraft:wooden_pickaxe":1,"minecraft:furnace":1,"minecraft:stone_axe":1,"minecraft:stick":8,"minecraft:stone_pickaxe":1}},"DataVersion":3465}