{"stats":{"minecraft:mined":{"minecraft:oak_sapling":1,"stalwart_dungeons:soul_bricks":9,"minecraft:grass_block":14,"minecraft:soul_soil":4,"minecraft:magma_block":3,"minecraft:fire":9,"minecraft:stone":26,"minecraft:soul_fire":1,"stalwart_dungeons:soul_tiles":1,"minecraft:crafting_table":3,"minecraft:tall_grass":24,"minecraft:oak_log":6,"minecraft:coal_ore":25,"minecraft:dirt":10,"minecraft:netherrack":23,"skyfall:sky_rock":3,"minecraft:oak_leaves":7},"minecraft:used":{"minecraft:polished_blackstone_brick_slab":1,"minecraft:polished_blackstone":11,"minecraft:chest":4,"minecraft:polished_blackstone_wall":6,"minecraft:netherrack":11,"minecraft:dirt":23,"cataclysm:ancient_remnant_spawn_egg":1,"cataclysm:the_harbinger_spawn_egg":1,"minecraft:polished_blackstone_slab":3,"cataclysm:the_prowler_spawn_egg":1,"cataclysm:infernal_forge":2,"cataclysm:ignited_revenant_spawn_egg":2,"stalwart_dungeons:tungsten_axe":7,"minecraft:red_candle":3,"cataclysm:void_forge":7,"cataclysm:nameless_sorcerer_spawn_egg":7,"minecraft:oak_sapling":22,"minecraft:furnace":1,"tombstone:gift":6,"minecraft:polished_blackstone_stairs":3,"cataclysm:altar_of_amethyst":1,"cataclysm:ignis_spawn_egg":1,"minecraft:stone_pickaxe":88,"minecraft:oak_planks":4,"doom:e1m1_block11":12,"minecraft:wooden_pickaxe":5,"minecraft:gilded_blackstone":1,"minecraft:golden_apple":7,"minecraft:crafting_table":2,"cataclysm:netherite_monstrosity_spawn_egg":1,"minecraft:stone_axe":7,"minecraft:fire_charge":17,"minecraft:wooden_sword":31,"minecraft:cobblestone":1,"doom:doom_boots":1,"minecraft:cooked_porkchop":17,"skyfall:sky_rock":1,"minecraft:porkchop":37,"minecraft:chain":3,"minecraft:bone_meal":31},"minecraft:custom":{"minecraft:mob_kills":421,"minecraft:interact_with_crafting_table":10,"minecraft:leave_game":20,"minecraft:time_since_death":30214,"minecraft:damage_resisted":4,"minecraft:sprint_one_cm":610780,"minecraft:walk_one_cm":480497,"minecraft:drop":83,"minecraft:play_time":306376,"minecraft:deaths":58,"minecraft:sneak_time":9046,"minecraft:walk_under_water_one_cm":29801,"minecraft:boat_one_cm":177767,"tombstone:tomb_raiding":3,"minecraft:jump":4596,"minecraft:walk_on_water_one_cm":101861,"minecraft:total_world_time":306376,"minecraft:interact_with_furnace":1,"minecraft:time_since_rest":29578,"minecraft:damage_taken":14615,"minecraft:damage_absorbed":240,"minecraft:damage_dealt":13743,"minecraft:swim_one_cm":94651,"minecraft:player_kills":5,"minecraft:fly_one_cm":2614847,"minecraft:open_chest":55,"minecraft:crouch_one_cm":10678,"tombstone:undead_killed":74,"minecraft:fall_one_cm":93926,"minecraft:inspect_dispenser":2},"minecraft:killed":{"doom:whiplash":1,"doom:cacodemon":3,"doom:pinky":6,"doom:lost_soul":1,"cataclysm:the_harbinger":1,"doom:possessed_soldier":8,"doom:imp":15,"doom:unwilling":6,"stalwart_dungeons:nether_wart_cocoon":1,"doom:maykr_drone":2,"doom:stone_imp":1,"minecraft:pig":324,"doom:spectre":5,"stalwart_dungeons:reinforced_blaze":7,"doom:possessed_worker":2,"doom:revenant":3,"stalwart_dungeons:giddy_blaze":8,"doom:zombieman":2,"doom:shotgunguy":2,"stalwart_dungeons:incomplete_wither":2,"doom:mechazombie":2,"doom:gargoyle":9,"doom:tentacle":1,"doom:doom_hunter":3,"minecraft:blaze":1},"minecraft:dropped":{"minecraft:enchanted_book":1,"minecraft:iron_ingot":3,"minecraft:porkchop":53,"minecraft:wheat_seeds":2,"minecraft:diamond":1,"minecraft:cooked_porkchop":4,"minecraft:pitcher_pod":1,"minecraft:golden_apple":2,"minecraft:cracked_polished_blackstone_bricks":9,"minecraft:dirt":129,"tombstone:grave_key":3,"tombstone:grave_dust":3,"tacz:modern_kinetic_gun":8,"minecraft:gold_ingot":5,"minecraft:bone":1,"minecraft:stone_axe":1,"doom:argent_energy":10,"minecraft:iron_nugget":3,"tombstone:gift":3,"minecraft:torchflower_seeds":3,"minecraft:pumpkin_seeds":2,"minecraft:beetroot_seeds":3,"minecraft:oak_sapling":1,"tacz:ammo":648,"cataclysm:infernal_forge":4},"minecraft:killed_by":{"minecraft:player":18,"stalwart_dungeons:giddy_blaze":4,"doom:marauder":1,"doom:doom_hunter":2,"doom:possessed_scientist":1,"cataclysm:netherite_monstrosity":3,"cataclysm:ignis":2,"doom:chaingunner":2,"doom:pinky":2,"stalwart_dungeons:incomplete_wither":1,"doom:gargoyle":1},"minecraft:picked_up":{"minecraft:crafting_table":3,"doom:shotgun_shells":10,"minecraft:gilded_blackstone":2,"minecraft:nether_brick":23,"stalwart_dungeons:soul_bricks":7,"tombstone:grave_key":3,"minecraft:chain":4,"doom:powersphere":1,"minecraft:shield":1,"doom:rocket":12,"minecraft:netherite_scrap":6,"tacz:ammo":98,"minecraft:red_candle":3,"minecraft:polished_blackstone_wall":6,"minecraft:gold_nugget":1,"minecraft:iron_nugget":3,"doom:chaingunbullets":8,"skyfall:sky_rock":1,"minecraft:stick":7,"minecraft:polished_blackstone_stairs":3,"doom:e1m1_block11":10,"cataclysm:witherite_block":1,"stalwart_dungeons:awful_dungeon_spawner":1,"minecraft:fire_charge":132,"minecraft:porkchop":467,"cataclysm:burning_ashes":2,"tombstone:grave_dust":11,"minecraft:redstone":4,"stalwart_dungeons:keeping_castle_spawner":1,"minecraft:polished_basalt":64,"stalwart_dungeons:tungsten_axe":1,"minecraft:saddle":1,"minecraft:polished_blackstone":11,"minecraft:blaze_rod":30,"minecraft:cobblestone":25,"doom:argent_bolt":12,"minecraft:oak_log":6,"minecraft:dirt":36,"tombstone:gift":1,"minecraft:bone":1,"cataclysm:infernal_forge":4,"minecraft:wheat_seeds":5,"minecraft:glass_bottle":5,"minecraft:oak_planks":16,"minecraft:book":1,"minecraft:chiseled_polished_blackstone":2,"minecraft:cooked_porkchop":52,"minecraft:polished_blackstone_slab":3,"doom:argent_energy":42,"minecraft:spruce_sapling":1,"doom:bullets":3,"minecraft:dispenser":2,"minecraft:polished_blackstone_pressure_plate":8,"tacz:modern_kinetic_gun":5,"minecraft:cracked_polished_blackstone_bricks":12,"minecraft:bone_meal":64,"minecraft:emerald":5,"tombstone:magic_scroll":1,"minecraft:oak_sapling":13,"minecraft:netherrack":23,"minecraft:coal":28},"minecraft:crafted":{"minecraft:oak_planks":24,"minecraft:furnace":1,"minecraft:stone_pickaxe":1,"minecraft:crafting_table":2,"minecraft:wooden_pickaxe":1,"minecraft:stone_axe":1,"minecraft:stick":8}},"DataVersion":3465}