{"stats":{"minecraft:dropped":{"tacz:ammo":144,"tacz:modern_kinetic_gun":1,"tombstone:gift":1},"minecraft:custom":{"minecraft:time_since_rest":9538,"minecraft:crouch_one_cm":7,"minecraft:sprint_one_cm":18273,"minecraft:play_time":15851,"tombstone:undead_killed":8,"minecraft:deaths":5,"minecraft:walk_one_cm":20826,"minecraft:sneak_time":150,"minecraft:walk_under_water_one_cm":2184,"minecraft:mob_kills":8,"minecraft:drop":6,"minecraft:jump":52,"minecraft:damage_dealt":109,"minecraft:leave_game":4,"minecraft:walk_on_water_one_cm":865,"minecraft:time_since_death":9504,"minecraft:total_world_time":15851,"minecraft:swim_one_cm":554,"minecraft:fly_one_cm":123762},"minecraft:killed":{"doom:pinky":1,"doom:gargoyle":3,"doom:tentacle":1,"doom:imp":1,"doom:possessed_worker":1,"doom:unwilling":1},"minecraft:used":{"tombstone:gift":2},"minecraft:picked_up":{"tacz:modern_kinetic_gun":1,"stalwart_dungeons:awful_dungeon_spawner":1,"minecraft:polished_basalt":64,"doom:argent_energy":4,"minecraft:bone_meal":64,"minecraft:spruce_sapling":1,"minecraft:oak_sapling":1,"stalwart_dungeons:keeping_castle_spawner":1}},"DataVersion":3465}