{"stats":{"minecraft:mined":{"minecraft:crafting_table":3,"minecraft:grass_block":11,"minecraft:tall_grass":15,"minecraft:fire":6,"minecraft:coal_ore":25,"minecraft:oak_log":6,"minecraft:dirt":6,"minecraft:stone":18,"skyfall:sky_rock":3,"minecraft:oak_leaves":7},"minecraft:used":{"minecraft:stone_pickaxe":41,"minecraft:oak_planks":4,"minecraft:wooden_pickaxe":5,"minecraft:chest":4,"minecraft:golden_apple":5,"minecraft:dirt":12,"minecraft:crafting_table":2,"cataclysm:netherite_monstrosity_spawn_egg":1,"skyfall:sky_rock":1,"minecraft:stone_axe":1,"minecraft:fire_charge":7,"minecraft:furnace":1,"cataclysm:void_forge":7,"minecraft:oak_sapling":21,"doom:doom_boots":1,"minecraft:porkchop":29,"minecraft:cooked_porkchop":7,"tombstone:gift":6,"minecraft:bone_meal":31},"minecraft:custom":{"minecraft:interact_with_furnace":1,"minecraft:mob_kills":387,"minecraft:interact_with_crafting_table":10,"minecraft:leave_game":19,"minecraft:time_since_death":4747,"minecraft:time_since_rest":4562,"minecraft:sprint_one_cm":449321,"minecraft:damage_absorbed":160,"minecraft:damage_taken":10221,"minecraft:walk_one_cm":369775,"minecraft:drop":66,"minecraft:damage_dealt":8772,"minecraft:swim_one_cm":80253,"minecraft:fly_one_cm":1794999,"minecraft:player_kills":5,"minecraft:open_chest":45,"minecraft:play_time":222974,"minecraft:crouch_one_cm":6940,"tombstone:undead_killed":64,"minecraft:deaths":47,"minecraft:sneak_time":5993,"minecraft:walk_under_water_one_cm":26828,"tombstone:tomb_raiding":3,"minecraft:boat_one_cm":177767,"minecraft:jump":3331,"minecraft:walk_on_water_one_cm":91598,"minecraft:total_world_time":222974,"minecraft:fall_one_cm":61843,"minecraft:inspect_dispenser":2},"minecraft:killed":{"doom:whiplash":1,"doom:cacodemon":3,"doom:stone_imp":1,"minecraft:pig":311,"doom:spectre":5,"doom:possessed_worker":2,"doom:revenant":3,"stalwart_dungeons:giddy_blaze":8,"doom:pinky":6,"doom:possessed_soldier":5,"doom:imp":14,"doom:unwilling":4,"doom:shotgunguy":2,"doom:zombieman":2,"doom:mechazombie":2,"doom:maykr_drone":2,"doom:tentacle":1,"doom:gargoyle":8,"doom:doom_hunter":3,"minecraft:blaze":1},"minecraft:dropped":{"minecraft:enchanted_book":1,"minecraft:iron_ingot":3,"minecraft:porkchop":53,"minecraft:wheat_seeds":1,"minecraft:iron_nugget":3,"doom:argent_energy":10,"minecraft:diamond":1,"minecraft:cooked_porkchop":4,"tombstone:gift":3,"minecraft:pitcher_pod":1,"minecraft:torchflower_seeds":3,"minecraft:pumpkin_seeds":2,"minecraft:golden_apple":2,"tombstone:grave_key":3,"minecraft:beetroot_seeds":3,"minecraft:oak_sapling":1,"tombstone:grave_dust":3,"tacz:modern_kinetic_gun":7,"tacz:ammo":540,"minecraft:gold_ingot":5},"minecraft:killed_by":{"doom:doom_hunter":1,"doom:possessed_scientist":1,"minecraft:player":16,"cataclysm:netherite_monstrosity":2,"doom:chaingunner":2,"doom:pinky":2,"stalwart_dungeons:giddy_blaze":4,"doom:gargoyle":1},"minecraft:picked_up":{"minecraft:crafting_table":3,"doom:argent_bolt":12,"doom:shotgun_shells":10,"minecraft:gilded_blackstone":2,"minecraft:nether_brick":23,"minecraft:oak_log":6,"tombstone:grave_key":3,"doom:powersphere":1,"minecraft:shield":1,"doom:rocket":12,"minecraft:dirt":24,"tombstone:gift":1,"minecraft:netherite_scrap":6,"tacz:ammo":98,"minecraft:wheat_seeds":4,"minecraft:gold_nugget":1,"minecraft:iron_nugget":3,"minecraft:glass_bottle":5,"doom:chaingunbullets":8,"minecraft:oak_planks":16,"skyfall:sky_rock":1,"minecraft:book":1,"minecraft:stick":7,"minecraft:chiseled_polished_blackstone":2,"minecraft:cooked_porkchop":34,"stalwart_dungeons:awful_dungeon_spawner":1,"minecraft:fire_charge":132,"minecraft:porkchop":396,"doom:argent_energy":37,"minecraft:spruce_sapling":1,"tombstone:grave_dust":8,"minecraft:redstone":4,"stalwart_dungeons:keeping_castle_spawner":1,"doom:bullets":3,"minecraft:dispenser":2,"minecraft:polished_blackstone_pressure_plate":8,"tacz:modern_kinetic_gun":4,"minecraft:polished_basalt":64,"minecraft:cracked_polished_blackstone_bricks":6,"minecraft:bone_meal":64,"minecraft:saddle":1,"minecraft:emerald":5,"tombstone:magic_scroll":1,"minecraft:oak_sapling":12,"minecraft:blaze_rod":23,"minecraft:coal":25,"minecraft:cobblestone":17},"minecraft:crafted":{"minecraft:oak_planks":24,"minecraft:crafting_table":2,"minecraft:wooden_pickaxe":1,"minecraft:furnace":1,"minecraft:stone_axe":1,"minecraft:stick":8,"minecraft:stone_pickaxe":1}},"DataVersion":3465}