{"stats":{"minecraft:used":{"minecraft:polished_blackstone_brick_slab":1,"cataclysm:coral_golem_spawn_egg":1,"minecraft:chest":5,"minecraft:flint_and_steel":1,"stalwart_dungeons:awful_ghast_spawn_egg":1,"minecraft:shield":9,"cataclysm:deepling_priest_spawn_egg":1,"cataclysm:ender_golem_spawn_egg":8,"minecraft:polished_blackstone":11,"minecraft:dispenser":1,"stalwart_dungeons:tungsten_boots":1,"minecraft:polished_blackstone_wall":6,"minecraft:netherrack":11,"minecraft:torch":1,"minecraft:dirt":34,"cataclysm:ancient_remnant_spawn_egg":5,"cataclysm:amethyst_crab_spawn_egg":2,"cataclysm:the_harbinger_spawn_egg":2,"cataclysm:deepling_angler_spawn_egg":5,"minecraft:obsidian":52,"minecraft:diamond_helmet":1,"easy_npc:humanoid_spawn_egg":1,"cataclysm:chiseled_obsidian_bricks":10,"cataclysm:koboleton_spawn_egg":5,"minecraft:milk_bucket":1,"minecraft:warden_spawn_egg":3,"minecraft:polished_blackstone_slab":3,"cataclysm:the_prowler_spawn_egg":3,"cataclysm:infernal_forge":2,"cataclysm:ignited_revenant_spawn_egg":7,"cataclysm:deepling_warlock_spawn_egg":114,"minecraft:iron_axe":47,"stalwart_dungeons:tungsten_axe":123,"cataclysm:modern_remnant_spawn_egg":3,"minecraft:red_candle":3,"portablehole:portable_hole":130,"minecraft:crimson_planks":20,"cataclysm:obsidian_brick_stairs":29,"cataclysm:void_forge":8,"minecraft:oak_sapling":34,"cataclysm:nameless_sorcerer_spawn_egg":7,"minecraft:furnace":2,"cataclysm:deepling_brute_spawn_egg":9,"cataclysm:the_watcher_spawn_egg":52,"tombstone:gift":8,"cataclysm:the_leviathan_spawn_egg":2,"doom:netherambient_geoffplaysguitar_music_disc":3,"minecraft:polished_blackstone_stairs":3,"cataclysm:remnant_skull":1,"cataclysm:altar_of_amethyst":1,"stalwart_dungeons:tungsten_chestplate":2,"cataclysm:ignis_spawn_egg":3,"minecraft:stone_pickaxe":117,"minecraft:oak_planks":9,"doom:e1m1_block11":12,"minecraft:wooden_pickaxe":5,"minecraft:calibrated_sculk_sensor":3,"cataclysm:lionfish_spawn_egg":1,"stalwart_dungeons:transient_block_close":5,"minecraft:gilded_blackstone":1,"minecraft:golden_apple":18,"minecraft:crafting_table":5,"stalwart_dungeons:tungsten_helmet":2,"minecraft:crossbow":12,"minecraft:end_stone":2,"tacz:target":1,"cataclysm:wadjet_spawn_egg":2,"stalwart_dungeons:nether_keeper_spawn_egg":1,"stalwart_dungeons:tungsten_leggings":1,"cataclysm:ender_guardian_spawn_egg":2,"minecraft:crying_obsidian":1,"cataclysm:ignited_berserker_spawn_egg":10,"tombstone:magic_scroll":1,"cataclysm:kobolediator_spawn_egg":2,"cataclysm:altar_of_fire":4,"cataclysm:netherite_monstrosity_spawn_egg":3,"minecraft:stone_axe":7,"minecraft:fire_charge":17,"minecraft:porkchop":71,"minecraft:wooden_sword":31,"minecraft:stripped_oak_wood":1,"doom:doom_boots":1,"minecraft:cobblestone":1,"skyfall:sky_rock":1,"minecraft:cooked_porkchop":86,"minecraft:chain":3,"skyfall:pentafthalmos_spawn_egg":2,"minecraft:jukebox":2,"minecraft:bone_meal":31,"cataclysm:obsidian_bricks":18},"minecraft:crafted":{"minecraft:oak_planks":40,"minecraft:furnace":2,"tacz:ammo":18,"minecraft:iron_axe":1,"minecraft:stone_pickaxe":1,"minecraft:crimson_planks":72,"minecraft:cooked_porkchop":84,"minecraft:crafting_table":4,"minecraft:wooden_pickaxe":1,"minecraft:stone_axe":1,"minecraft:air":0,"minecraft:shield":1,"minecraft:stick":16,"minecraft:torch":12},"minecraft:custom":{"minecraft:mob_kills":813,"minecraft:interact_with_crafting_table":14,"minecraft:open_barrel":18,"minecraft:leave_game":35,"minecraft:time_since_death":7580,"minecraft:damage_resisted":4,"minecraft:climb_one_cm":32,"minecraft:sprint_one_cm":1159308,"minecraft:walk_one_cm":1075602,"minecraft:damage_blocked_by_shield":302,"minecraft:drop":311,"minecraft:play_time":779418,"minecraft:deaths":87,"minecraft:sneak_time":27695,"minecraft:walk_under_water_one_cm":92148,"tombstone:tomb_raiding":3,"minecraft:boat_one_cm":177767,"minecraft:jump":9171,"minecraft:interact_with_blast_furnace":1,"minecraft:walk_on_water_one_cm":246669,"minecraft:total_world_time":779418,"minecraft:interact_with_furnace":19,"minecraft:play_record":3,"minecraft:traded_with_villager":1,"minecraft:time_since_rest":6559,"minecraft:damage_taken":29943,"minecraft:damage_absorbed":680,"minecraft:damage_dealt":30678,"minecraft:swim_one_cm":168267,"minecraft:fly_one_cm":8637844,"minecraft:player_kills":9,"minecraft:open_chest":91,"minecraft:crouch_one_cm":19280,"tombstone:undead_killed":222,"tombstone:villager_killed":1,"minecraft:inspect_dispenser":2,"minecraft:fall_one_cm":183693},"minecraft:killed_by":{"minecraft:player":24,"stalwart_dungeons:giddy_blaze":4,"doom:marauder":1,"doom:doom_hunter":3,"doom:revenant2016":1,"doom:possessed_scientist":1,"cataclysm:netherite_monstrosity":3,"cataclysm:ignis":9,"cataclysm:ignited_berserker":1,"doom:chaingunner":3,"minecraft:wither":1,"doom:pinky":2,"stalwart_dungeons:incomplete_wither":1,"cataclysm:the_harbinger":2,"doom:gargoyle":1},"minecraft:picked_up":{"minecraft:crafting_table":3,"stalwart_dungeons:awful_crystal":4,"artifacts:night_vision_goggles":2,"minecraft:nether_brick_fence":2,"doom:shotgun_shells":30,"minecraft:brown_mushroom":1,"minecraft:enchanted_book":6,"minecraft:gilded_blackstone":2,"minecraft:nether_brick":34,"tempad:he_who_remains_tempad":1,"stalwart_dungeons:soul_bricks":14,"doom:netherambient_geoffplaysguitar_music_disc":1,"tombstone:grave_key":7,"minecraft:chain":4,"doom:powersphere":1,"minecraft:shield":2,"doom:rocket":18,"minecraft:flint_and_steel":1,"minecraft:netherite_scrap":11,"minecraft:red_candle":3,"tacz:ammo":170,"minecraft:netherite_ingot":3,"minecraft:polished_blackstone_wall":6,"stalwart_dungeons:tungsten_helmet":3,"minecraft:gold_nugget":1,"minecraft:iron_nugget":3,"minecraft:smooth_quartz":4,"doom:chaingunbullets":14,"minecraft:chest":3,"skyfall:sky_rock":1,"minecraft:stick":13,"minecraft:stone":3,"minecraft:polished_blackstone_stairs":3,"doom:e1m1_block11":10,"relics:rage_glove":2,"cataclysm:witherite_block":1,"minecraft:torch":11,"stalwart_dungeons:awful_dungeon_spawner":1,"minecraft:fire_charge":214,"minecraft:porkchop":785,"stalwart_dungeons:tungsten_chestplate":2,"stalwart_dungeons:tungsten_boots":2,"tombstone:grave_dust":37,"cataclysm:burning_ashes":2,"minecraft:redstone":4,"stalwart_dungeons:keeping_castle_spawner":1,"minecraft:arrow":2,"minecraft:nether_bricks":3,"cataclysm:athame":1,"minecraft:polished_basalt":64,"stalwart_dungeons:tungsten_axe":2,"minecraft:gold_ingot":11,"minecraft:saddle":2,"tombstone:essence_of_undeath":2,"minecraft:polished_blackstone":11,"minecraft:blaze_rod":122,"minecraft:obsidian":1,"minecraft:cobblestone":97,"minecraft:crimson_stem":18,"minecraft:magma_cream":1,"doom:argent_bolt":28,"stalwart_dungeons:shulker_cannon_item":2,"cataclysm:ignitium_ingot":3,"minecraft:oak_log":13,"doom:icon_wall12":2,"stalwart_dungeons:awful_gun":1,"minecraft:dirt":67,"tombstone:familiar_receptacle":1,"tombstone:gift":1,"minecraft:bone":1,"cataclysm:infernal_forge":4,"minecraft:red_sandstone":15,"minecraft:wheat_seeds":7,"cataclysm:sandstorm_in_a_bottle":1,"stalwart_dungeons:tungsten_shield":3,"minecraft:iron_ingot":1,"minecraft:stone_pickaxe":1,"tombstone:scroll_of_reach":1,"minecraft:glass_bottle":10,"minecraft:oak_planks":28,"relics:bastion_ring":1,"minecraft:book":1,"minecraft:ghast_tear":6,"minecraft:chiseled_polished_blackstone":2,"minecraft:cooked_porkchop":92,"minecraft:polished_blackstone_slab":3,"doom:argent_energy":123,"minecraft:spruce_sapling":1,"cataclysm:remnant_skull":1,"doom:bullets":25,"minecraft:bundle":2,"minecraft:dispenser":3,"minecraft:diamond":7,"minecraft:polished_blackstone_pressure_plate":8,"tacz:modern_kinetic_gun":7,"minecraft:cracked_polished_blackstone_bricks":12,"stalwart_dungeons:tungsten_leggings":2,"minecraft:bone_meal":64,"minecraft:golden_apple":60,"minecraft:emerald":10,"tombstone:magic_scroll":5,"minecraft:oak_sapling":25,"minecraft:netherrack":23,"minecraft:coal":28,"minecraft:crimson_roots":2},"minecraft:dropped":{"minecraft:enchanted_book":5,"minecraft:iron_ingot":3,"minecraft:brown_mushroom":1,"minecraft:porkchop":159,"minecraft:wheat_seeds":2,"minecraft:diamond":13,"minecraft:cooked_porkchop":25,"minecraft:pitcher_pod":1,"stalwart_dungeons:tungsten_shield":2,"minecraft:golden_apple":2,"doom:chaingunbullets":4,"minecraft:stick":6,"artifacts:night_vision_goggles":1,"irons_spellbooks:scroll":1,"minecraft:cracked_polished_blackstone_bricks":9,"minecraft:dirt":129,"minecraft:netherite_scrap":12,"tombstone:magic_scroll":1,"tombstone:grave_key":9,"minecraft:crimson_roots":2,"cataclysm:sandstorm_in_a_bottle":1,"tombstone:grave_dust":3,"usefulbackpacks:backpack_small":4,"tacz:modern_kinetic_gun":13,"minecraft:amethyst_shard":128,"doom:icon_wall12":1,"minecraft:gold_ingot":12,"minecraft:bone":1,"minecraft:chiseled_polished_blackstone":1,"minecraft:stone_axe":1,"minecraft:iron_nugget":3,"doom:argent_energy":10,"tombstone:gift":3,"minecraft:torchflower_seeds":3,"minecraft:pumpkin_seeds":2,"tempad:he_who_remains_tempad":1,"minecraft:beetroot_seeds":3,"minecraft:oak_sapling":1,"tacz:ammo":1271,"minecraft:wooden_pickaxe":1,"cataclysm:infernal_forge":4,"minecraft:magma_cream":1,"minecraft:ghast_tear":2},"minecraft:broken":{"minecraft:diamond_helmet":1,"stalwart_dungeons:tungsten_helmet":1,"stalwart_dungeons:tungsten_chestplate":1,"stalwart_dungeons:tungsten_axe":1,"stalwart_dungeons:tungsten_leggings":1,"stalwart_dungeons:tungsten_boots":1},"minecraft:killed":{"doom:possessed_scientist":8,"doom:whiplash":2,"doom:cacodemon":5,"doom:marauder":1,"doom:revenant2016":1,"doom:cyberdemon":1,"doom:carcass":2,"stalwart_dungeons:awful_ghast":1,"doom:pinky":14,"doom:lost_soul":3,"doom:possessed_soldier":18,"cataclysm:the_harbinger":1,"doom:imp":36,"doom:unwilling":16,"doom:spidermastermind":1,"stalwart_dungeons:nether_wart_cocoon":2,"doom:mancubus":2,"doom:maykr_drone":5,"doom:cueball":6,"doom:prowler":3,"doom:arachnotroneternal":1,"doom:stone_imp":7,"doom:baron2016":1,"minecraft:magma_cube":1,"doom:motherdemon":1,"minecraft:pig":551,"doom:spectre":12,"doom:possessed_worker":10,"stalwart_dungeons:reinforced_blaze":7,"doom:revenant":3,"stalwart_dungeons:giddy_blaze":8,"doom:summoner":1,"cataclysm:deepling_warlock":4,"minecraft:wandering_trader":1,"doom:zombieman":8,"doom:chaingunner":2,"doom:shotgunguy":16,"stalwart_dungeons:incomplete_wither":2,"doom:mechazombie":7,"cataclysm:ignis":1,"doom:tentacle":3,"doom:gargoyle":13,"doom:doom_hunter":11,"minecraft:blaze":2},"minecraft:mined":{"minecraft:oak_sapling":1,"stalwart_dungeons:soul_bricks":9,"minecraft:grass_block":20,"minecraft:crimson_roots":1,"minecraft:soul_soil":4,"minecraft:crimson_stem":18,"minecraft:magma_block":3,"minecraft:fire":27,"minecraft:shroomlight":1,"minecraft:stone":52,"minecraft:soul_fire":9,"stalwart_dungeons:soul_tiles":1,"minecraft:crafting_table":3,"minecraft:tall_grass":40,"minecraft:oak_planks":5,"minecraft:grass":1,"minecraft:coal_ore":25,"minecraft:oak_log":13,"minecraft:smooth_quartz":2,"minecraft:dirt":10,"skyfall:sky_rock":3,"minecraft:netherrack":24,"minecraft:oak_leaves":10}},"DataVersion":3465}