{"stats":{"minecraft:dropped":{"minecraft:enchanted_book":5,"minecraft:iron_ingot":3,"minecraft:brown_mushroom":1,"minecraft:porkchop":117,"minecraft:wheat_seeds":2,"minecraft:diamond":13,"minecraft:cooked_porkchop":4,"minecraft:pitcher_pod":1,"minecraft:golden_apple":2,"minecraft:stick":6,"doom:chaingunbullets":4,"minecraft:cracked_polished_blackstone_bricks":9,"minecraft:dirt":129,"tombstone:magic_scroll":1,"tombstone:grave_key":9,"minecraft:crimson_roots":2,"tombstone:grave_dust":3,"tacz:modern_kinetic_gun":9,"minecraft:gold_ingot":12,"minecraft:bone":1,"minecraft:chiseled_polished_blackstone":1,"minecraft:stone_axe":1,"minecraft:iron_nugget":3,"doom:argent_energy":10,"tombstone:gift":3,"minecraft:torchflower_seeds":3,"minecraft:pumpkin_seeds":2,"minecraft:beetroot_seeds":3,"minecraft:oak_sapling":1,"tacz:ammo":839,"minecraft:wooden_pickaxe":1,"cataclysm:infernal_forge":4,"minecraft:magma_cream":1,"minecraft:ghast_tear":1},"minecraft:killed_by":{"minecraft:player":19,"stalwart_dungeons:giddy_blaze":4,"doom:marauder":1,"doom:doom_hunter":2,"doom:revenant2016":1,"doom:possessed_scientist":1,"cataclysm:netherite_monstrosity":3,"cataclysm:ignis":2,"doom:chaingunner":3,"minecraft:wither":1,"doom:pinky":2,"stalwart_dungeons:incomplete_wither":1,"doom:gargoyle":1},"minecraft:picked_up":{"minecraft:crafting_table":3,"stalwart_dungeons:awful_crystal":4,"doom:shotgun_shells":28,"minecraft:brown_mushroom":1,"minecraft:enchanted_book":6,"minecraft:gilded_blackstone":2,"minecraft:nether_brick":34,"stalwart_dungeons:soul_bricks":14,"tombstone:grave_key":7,"minecraft:chain":4,"doom:powersphere":1,"minecraft:shield":2,"doom:rocket":18,"minecraft:netherite_scrap":6,"tacz:ammo":170,"minecraft:red_candle":3,"minecraft:polished_blackstone_wall":6,"stalwart_dungeons:tungsten_helmet":2,"minecraft:gold_nugget":1,"minecraft:iron_nugget":3,"minecraft:smooth_quartz":4,"doom:chaingunbullets":14,"minecraft:chest":2,"skyfall:sky_rock":1,"minecraft:stick":13,"minecraft:polished_blackstone_stairs":3,"doom:e1m1_block11":10,"relics:rage_glove":2,"minecraft:torch":11,"cataclysm:witherite_block":1,"stalwart_dungeons:awful_dungeon_spawner":1,"minecraft:fire_charge":214,"minecraft:porkchop":639,"stalwart_dungeons:tungsten_chestplate":2,"stalwart_dungeons:tungsten_boots":2,"cataclysm:burning_ashes":2,"tombstone:grave_dust":33,"minecraft:redstone":4,"stalwart_dungeons:keeping_castle_spawner":1,"minecraft:polished_basalt":64,"stalwart_dungeons:tungsten_axe":2,"minecraft:saddle":2,"tombstone:essence_of_undeath":2,"minecraft:polished_blackstone":11,"minecraft:blaze_rod":55,"minecraft:cobblestone":87,"minecraft:magma_cream":1,"doom:argent_bolt":28,"minecraft:crimson_stem":18,"minecraft:oak_log":6,"stalwart_dungeons:awful_gun":1,"minecraft:dirt":36,"tombstone:familiar_receptacle":1,"tombstone:gift":1,"minecraft:bone":1,"cataclysm:infernal_forge":4,"minecraft:wheat_seeds":5,"cataclysm:sandstorm_in_a_bottle":1,"minecraft:stone_pickaxe":1,"minecraft:iron_ingot":1,"minecraft:glass_bottle":10,"minecraft:oak_planks":23,"relics:bastion_ring":1,"minecraft:book":1,"minecraft:ghast_tear":4,"minecraft:chiseled_polished_blackstone":2,"minecraft:cooked_porkchop":55,"minecraft:polished_blackstone_slab":3,"doom:argent_energy":100,"minecraft:spruce_sapling":1,"cataclysm:remnant_skull":1,"doom:bullets":19,"minecraft:dispenser":3,"tacz:modern_kinetic_gun":6,"minecraft:polished_blackstone_pressure_plate":8,"minecraft:cracked_polished_blackstone_bricks":12,"stalwart_dungeons:tungsten_leggings":2,"minecraft:bone_meal":64,"minecraft:golden_apple":60,"minecraft:emerald":10,"tombstone:magic_scroll":4,"minecraft:oak_sapling":20,"minecraft:netherrack":23,"minecraft:coal":28,"minecraft:crimson_roots":2},"minecraft:custom":{"minecraft:mob_kills":486,"minecraft:interact_with_crafting_table":12,"minecraft:leave_game":24,"minecraft:time_since_death":35055,"minecraft:damage_resisted":4,"minecraft:sprint_one_cm":792158,"minecraft:walk_one_cm":661851,"minecraft:damage_blocked_by_shield":50,"minecraft:drop":265,"minecraft:play_time":414253,"minecraft:deaths":64,"minecraft:sneak_time":11784,"minecraft:walk_under_water_one_cm":47584,"tombstone:tomb_raiding":3,"minecraft:boat_one_cm":177767,"minecraft:jump":6104,"minecraft:walk_on_water_one_cm":163927,"minecraft:total_world_time":414253,"minecraft:interact_with_furnace":1,"minecraft:time_since_rest":32656,"minecraft:damage_taken":18847,"minecraft:damage_absorbed":640,"minecraft:damage_dealt":21265,"minecraft:swim_one_cm":123029,"minecraft:fly_one_cm":3942464,"minecraft:player_kills":5,"minecraft:open_chest":78,"minecraft:crouch_one_cm":12857,"tombstone:undead_killed":128,"minecraft:inspect_dispenser":2,"minecraft:fall_one_cm":127255},"minecraft:mined":{"minecraft:oak_sapling":1,"stalwart_dungeons:soul_bricks":9,"minecraft:grass_block":14,"minecraft:crimson_roots":1,"minecraft:soul_soil":4,"minecraft:crimson_stem":18,"minecraft:magma_block":3,"minecraft:fire":19,"minecraft:shroomlight":1,"minecraft:stone":52,"minecraft:soul_fire":9,"stalwart_dungeons:soul_tiles":1,"minecraft:crafting_table":3,"minecraft:tall_grass":39,"minecraft:oak_log":6,"minecraft:coal_ore":25,"minecraft:dirt":10,"minecraft:smooth_quartz":2,"minecraft:netherrack":24,"skyfall:sky_rock":3,"minecraft:oak_leaves":7},"minecraft:killed":{"doom:whiplash":2,"doom:cacodemon":4,"doom:revenant2016":1,"doom:carcass":1,"stalwart_dungeons:awful_ghast":1,"doom:pinky":8,"doom:lost_soul":2,"cataclysm:the_harbinger":1,"doom:possessed_soldier":13,"doom:imp":20,"doom:unwilling":10,"stalwart_dungeons:nether_wart_cocoon":1,"doom:mancubus":1,"doom:maykr_drone":5,"doom:cueball":3,"doom:stone_imp":1,"minecraft:magma_cube":1,"minecraft:pig":330,"doom:spectre":8,"stalwart_dungeons:reinforced_blaze":7,"doom:possessed_worker":7,"doom:revenant":3,"stalwart_dungeons:giddy_blaze":8,"doom:shotgunguy":8,"doom:chaingunner":2,"doom:zombieman":5,"stalwart_dungeons:incomplete_wither":2,"doom:mechazombie":3,"doom:tentacle":2,"doom:gargoyle":13,"doom:doom_hunter":4,"minecraft:blaze":1},"minecraft:broken":{"stalwart_dungeons:tungsten_axe":1},"minecraft:used":{"cataclysm:coral_golem_spawn_egg":1,"minecraft:polished_blackstone_brick_slab":1,"cataclysm:deepling_priest_spawn_egg":1,"minecraft:shield":2,"minecraft:polished_blackstone":11,"minecraft:chest":5,"stalwart_dungeons:awful_ghast_spawn_egg":1,"stalwart_dungeons:tungsten_boots":1,"minecraft:polished_blackstone_wall":6,"minecraft:netherrack":11,"minecraft:torch":1,"minecraft:dirt":23,"cataclysm:ancient_remnant_spawn_egg":2,"cataclysm:amethyst_crab_spawn_egg":1,"cataclysm:deepling_angler_spawn_egg":5,"cataclysm:the_harbinger_spawn_egg":2,"cataclysm:chiseled_obsidian_bricks":10,"easy_npc:humanoid_spawn_egg":1,"minecraft:obsidian":40,"minecraft:polished_blackstone_slab":3,"cataclysm:the_prowler_spawn_egg":1,"cataclysm:infernal_forge":2,"cataclysm:ignited_revenant_spawn_egg":2,"cataclysm:deepling_warlock_spawn_egg":9,"stalwart_dungeons:tungsten_axe":123,"cataclysm:modern_remnant_spawn_egg":1,"minecraft:red_candle":3,"minecraft:crimson_planks":20,"cataclysm:obsidian_brick_stairs":29,"cataclysm:void_forge":7,"cataclysm:nameless_sorcerer_spawn_egg":7,"minecraft:oak_sapling":29,"minecraft:furnace":1,"cataclysm:deepling_brute_spawn_egg":6,"cataclysm:the_watcher_spawn_egg":34,"tombstone:gift":6,"cataclysm:the_leviathan_spawn_egg":1,"cataclysm:remnant_skull":1,"minecraft:polished_blackstone_stairs":3,"cataclysm:altar_of_amethyst":1,"stalwart_dungeons:tungsten_chestplate":2,"cataclysm:ignis_spawn_egg":1,"minecraft:stone_pickaxe":117,"minecraft:oak_planks":4,"doom:e1m1_block11":12,"minecraft:wooden_pickaxe":5,"cataclysm:lionfish_spawn_egg":1,"stalwart_dungeons:transient_block_close":5,"minecraft:gilded_blackstone":1,"minecraft:golden_apple":17,"minecraft:crafting_table":4,"stalwart_dungeons:tungsten_helmet":2,"stalwart_dungeons:nether_keeper_spawn_egg":1,"stalwart_dungeons:tungsten_leggings":1,"minecraft:crying_obsidian":1,"cataclysm:ignited_berserker_spawn_egg":2,"tombstone:magic_scroll":1,"cataclysm:netherite_monstrosity_spawn_egg":1,"minecraft:stone_axe":7,"minecraft:fire_charge":17,"minecraft:wooden_sword":31,"minecraft:cobblestone":1,"skyfall:sky_rock":1,"doom:doom_boots":1,"minecraft:porkchop":56,"minecraft:cooked_porkchop":32,"minecraft:chain":3,"skyfall:pentafthalmos_spawn_egg":2,"cataclysm:obsidian_bricks":18,"minecraft:bone_meal":31},"minecraft:crafted":{"minecraft:oak_planks":24,"minecraft:furnace":1,"minecraft:stone_pickaxe":1,"minecraft:crimson_planks":72,"minecraft:crafting_table":3,"minecraft:wooden_pickaxe":1,"minecraft:stone_axe":1,"minecraft:shield":1,"minecraft:stick":12,"minecraft:torch":12}},"DataVersion":3465}