{"stats":{"minecraft:mined":{"minecraft:oak_sapling":1,"stalwart_dungeons:soul_bricks":9,"minecraft:grass_block":14,"minecraft:crimson_roots":1,"minecraft:soul_soil":4,"minecraft:crimson_stem":18,"minecraft:magma_block":3,"minecraft:fire":12,"minecraft:shroomlight":1,"minecraft:stone":36,"minecraft:soul_fire":8,"stalwart_dungeons:soul_tiles":1,"minecraft:crafting_table":3,"minecraft:tall_grass":36,"minecraft:oak_log":6,"minecraft:coal_ore":25,"minecraft:dirt":10,"minecraft:smooth_quartz":2,"minecraft:netherrack":24,"skyfall:sky_rock":3,"minecraft:oak_leaves":7},"minecraft:used":{"minecraft:polished_blackstone_brick_slab":1,"minecraft:polished_blackstone":11,"minecraft:chest":4,"stalwart_dungeons:awful_ghast_spawn_egg":1,"minecraft:polished_blackstone_wall":6,"minecraft:netherrack":11,"minecraft:torch":1,"minecraft:dirt":23,"cataclysm:ancient_remnant_spawn_egg":1,"cataclysm:the_harbinger_spawn_egg":1,"minecraft:polished_blackstone_slab":3,"cataclysm:the_prowler_spawn_egg":1,"cataclysm:infernal_forge":2,"cataclysm:ignited_revenant_spawn_egg":2,"stalwart_dungeons:tungsten_axe":53,"minecraft:red_candle":3,"minecraft:crimson_planks":2,"cataclysm:void_forge":7,"cataclysm:nameless_sorcerer_spawn_egg":7,"minecraft:oak_sapling":22,"minecraft:furnace":1,"tombstone:gift":6,"minecraft:polished_blackstone_stairs":3,"cataclysm:altar_of_amethyst":1,"cataclysm:ignis_spawn_egg":1,"minecraft:stone_pickaxe":101,"minecraft:oak_planks":4,"doom:e1m1_block11":12,"minecraft:wooden_pickaxe":5,"minecraft:gilded_blackstone":1,"minecraft:golden_apple":10,"minecraft:crafting_table":3,"stalwart_dungeons:nether_keeper_spawn_egg":1,"tombstone:magic_scroll":1,"cataclysm:netherite_monstrosity_spawn_egg":1,"minecraft:stone_axe":7,"minecraft:fire_charge":17,"minecraft:wooden_sword":31,"minecraft:cobblestone":1,"skyfall:sky_rock":1,"doom:doom_boots":1,"minecraft:porkchop":37,"minecraft:cooked_porkchop":22,"minecraft:chain":3,"minecraft:bone_meal":31},"minecraft:custom":{"minecraft:mob_kills":444,"minecraft:interact_with_crafting_table":11,"minecraft:leave_game":22,"minecraft:time_since_death":23352,"minecraft:damage_resisted":4,"minecraft:sprint_one_cm":676664,"minecraft:walk_one_cm":525314,"minecraft:drop":109,"minecraft:play_time":340812,"minecraft:deaths":59,"minecraft:sneak_time":10154,"minecraft:walk_under_water_one_cm":37495,"minecraft:boat_one_cm":177767,"tombstone:tomb_raiding":3,"minecraft:jump":5079,"minecraft:walk_on_water_one_cm":109390,"minecraft:total_world_time":340812,"minecraft:interact_with_furnace":1,"minecraft:time_since_rest":22889,"minecraft:damage_taken":15436,"minecraft:damage_absorbed":360,"minecraft:damage_dealt":15861,"minecraft:swim_one_cm":105611,"minecraft:fly_one_cm":3353902,"minecraft:player_kills":5,"minecraft:open_chest":59,"minecraft:crouch_one_cm":11906,"tombstone:undead_killed":90,"minecraft:fall_one_cm":102735,"minecraft:inspect_dispenser":2},"minecraft:killed":{"doom:whiplash":1,"doom:cacodemon":4,"doom:revenant2016":1,"stalwart_dungeons:awful_ghast":1,"doom:pinky":6,"doom:lost_soul":2,"cataclysm:the_harbinger":1,"doom:possessed_soldier":9,"doom:imp":16,"doom:unwilling":9,"stalwart_dungeons:nether_wart_cocoon":1,"doom:maykr_drone":5,"doom:cueball":1,"doom:stone_imp":1,"minecraft:magma_cube":1,"minecraft:pig":328,"doom:spectre":6,"stalwart_dungeons:reinforced_blaze":7,"doom:possessed_worker":3,"doom:revenant":3,"stalwart_dungeons:giddy_blaze":8,"doom:shotgunguy":3,"doom:zombieman":2,"stalwart_dungeons:incomplete_wither":2,"doom:mechazombie":3,"doom:gargoyle":9,"doom:tentacle":1,"doom:doom_hunter":3,"minecraft:blaze":1},"minecraft:dropped":{"minecraft:enchanted_book":5,"minecraft:iron_ingot":3,"minecraft:porkchop":117,"minecraft:brown_mushroom":1,"minecraft:wheat_seeds":2,"minecraft:diamond":13,"minecraft:cooked_porkchop":4,"minecraft:pitcher_pod":1,"minecraft:golden_apple":2,"doom:chaingunbullets":4,"minecraft:cracked_polished_blackstone_bricks":9,"minecraft:dirt":129,"tombstone:magic_scroll":1,"tombstone:grave_key":3,"minecraft:crimson_roots":2,"tombstone:grave_dust":3,"tacz:modern_kinetic_gun":8,"minecraft:gold_ingot":12,"minecraft:bone":1,"minecraft:chiseled_polished_blackstone":1,"minecraft:stone_axe":1,"doom:argent_energy":10,"minecraft:iron_nugget":3,"tombstone:gift":3,"minecraft:torchflower_seeds":3,"minecraft:pumpkin_seeds":2,"minecraft:beetroot_seeds":3,"minecraft:oak_sapling":1,"tacz:ammo":659,"cataclysm:infernal_forge":4,"minecraft:magma_cream":1},"minecraft:killed_by":{"minecraft:player":18,"stalwart_dungeons:giddy_blaze":4,"doom:marauder":1,"doom:doom_hunter":2,"doom:revenant2016":1,"doom:possessed_scientist":1,"cataclysm:netherite_monstrosity":3,"cataclysm:ignis":2,"doom:chaingunner":2,"doom:pinky":2,"stalwart_dungeons:incomplete_wither":1,"doom:gargoyle":1},"minecraft:picked_up":{"minecraft:crafting_table":3,"stalwart_dungeons:awful_crystal":4,"doom:shotgun_shells":14,"minecraft:brown_mushroom":1,"minecraft:enchanted_book":5,"minecraft:gilded_blackstone":2,"minecraft:nether_brick":23,"stalwart_dungeons:soul_bricks":7,"tombstone:grave_key":3,"minecraft:chain":4,"doom:powersphere":1,"minecraft:shield":1,"doom:rocket":12,"minecraft:netherite_scrap":6,"tacz:ammo":98,"minecraft:red_candle":3,"minecraft:polished_blackstone_wall":6,"stalwart_dungeons:tungsten_helmet":1,"minecraft:gold_nugget":1,"minecraft:iron_nugget":3,"minecraft:smooth_quartz":2,"doom:chaingunbullets":12,"skyfall:sky_rock":1,"minecraft:stick":7,"minecraft:polished_blackstone_stairs":3,"doom:e1m1_block11":10,"cataclysm:witherite_block":1,"stalwart_dungeons:awful_dungeon_spawner":1,"minecraft:fire_charge":132,"minecraft:porkchop":483,"stalwart_dungeons:tungsten_chestplate":1,"stalwart_dungeons:tungsten_boots":1,"cataclysm:burning_ashes":2,"tombstone:grave_dust":11,"minecraft:redstone":4,"stalwart_dungeons:keeping_castle_spawner":1,"minecraft:polished_basalt":64,"stalwart_dungeons:tungsten_axe":1,"minecraft:saddle":1,"minecraft:polished_blackstone":11,"minecraft:blaze_rod":35,"minecraft:cobblestone":35,"minecraft:magma_cream":1,"doom:argent_bolt":15,"minecraft:crimson_stem":18,"minecraft:oak_log":6,"stalwart_dungeons:awful_gun":1,"minecraft:dirt":36,"tombstone:gift":1,"minecraft:bone":1,"cataclysm:infernal_forge":4,"minecraft:wheat_seeds":5,"minecraft:iron_ingot":1,"minecraft:glass_bottle":5,"minecraft:oak_planks":16,"minecraft:book":1,"minecraft:ghast_tear":3,"minecraft:chiseled_polished_blackstone":2,"minecraft:cooked_porkchop":52,"minecraft:polished_blackstone_slab":3,"doom:argent_energy":49,"minecraft:spruce_sapling":1,"doom:bullets":4,"minecraft:dispenser":2,"tacz:modern_kinetic_gun":5,"minecraft:polished_blackstone_pressure_plate":8,"minecraft:cracked_polished_blackstone_bricks":12,"stalwart_dungeons:tungsten_leggings":1,"minecraft:bone_meal":64,"minecraft:emerald":5,"tombstone:magic_scroll":3,"minecraft:oak_sapling":13,"minecraft:crimson_roots":2,"minecraft:netherrack":23,"minecraft:coal":28},"minecraft:crafted":{"minecraft:oak_planks":24,"minecraft:furnace":1,"minecraft:stone_pickaxe":1,"minecraft:crimson_planks":72,"minecraft:crafting_table":2,"minecraft:wooden_pickaxe":1,"minecraft:stone_axe":1,"minecraft:shield":1,"minecraft:stick":12,"minecraft:torch":12}},"DataVersion":3465}