{"stats":{"minecraft:dropped":{"tombstone:gift":1,"tacz:modern_kinetic_gun":4,"tacz:ammo":144},"minecraft:custom":{"minecraft:time_since_rest":1453,"minecraft:sprint_one_cm":41821,"minecraft:damage_taken":1103,"minecraft:walk_one_cm":50606,"minecraft:mob_kills":11,"minecraft:drop":9,"minecraft:damage_dealt":240,"minecraft:swim_one_cm":4154,"minecraft:fly_one_cm":171834,"minecraft:player_kills":3,"minecraft:open_chest":10,"minecraft:crouch_one_cm":91,"minecraft:deaths":11,"minecraft:play_time":27175,"tombstone:undead_killed":8,"minecraft:sneak_time":196,"minecraft:walk_under_water_one_cm":2711,"tombstone:tomb_raiding":1,"minecraft:jump":198,"minecraft:leave_game":5,"minecraft:walk_on_water_one_cm":11278,"minecraft:time_since_death":1523,"minecraft:total_world_time":27175,"minecraft:fall_one_cm":1536},"minecraft:killed":{"minecraft:pig":3,"doom:possessed_worker":1,"doom:pinky":1,"doom:tentacle":1,"doom:gargoyle":3,"doom:imp":1,"doom:unwilling":1},"minecraft:killed_by":{"doom:possessed_scientist":1,"minecraft:player":3,"doom:pinky":1},"minecraft:used":{"minecraft:chest":4,"minecraft:porkchop":1,"tombstone:gift":2},"minecraft:picked_up":{"stalwart_dungeons:awful_dungeon_spawner":1,"minecraft:porkchop":12,"doom:argent_energy":4,"minecraft:spruce_sapling":1,"stalwart_dungeons:keeping_castle_spawner":1,"tacz:modern_kinetic_gun":3,"minecraft:polished_basalt":64,"minecraft:bone_meal":64,"minecraft:oak_sapling":1}},"DataVersion":3465}