{"stats":{"minecraft:dropped":{"minecraft:porkchop":19,"tombstone:gift":1,"tombstone:grave_key":2,"tacz:modern_kinetic_gun":1,"minecraft:wooden_pickaxe":1},"minecraft:killed_by":{"doom:doom_hunter":1,"minecraft:player":4,"doom:zombieman":1,"doom:spectre":1},"minecraft:picked_up":{"minecraft:crafting_table":1,"minecraft:nether_wart":20,"minecraft:magma_cream":2,"minecraft:nether_brick_fence":2,"doom:shotgun_shells":1,"minecraft:oak_log":4,"tombstone:grave_key":2,"minecraft:dirt":3,"tombstone:gift":1,"tacz:ammo":144,"minecraft:bone":2,"minecraft:furnace":1,"minecraft:raw_iron":13,"minecraft:cooked_porkchop":14,"minecraft:porkchop":43,"doom:argent_energy":4,"tacz:modern_kinetic_gun":2,"minecraft:nether_bricks":23,"minecraft:polished_blackstone_brick_wall":1,"minecraft:blaze_rod":1,"minecraft:coal":10,"minecraft:cobblestone":34},"minecraft:custom":{"minecraft:interact_with_furnace":6,"minecraft:mob_kills":25,"minecraft:interact_with_crafting_table":10,"minecraft:leave_game":2,"minecraft:time_since_death":8242,"minecraft:time_since_rest":7433,"minecraft:sprint_one_cm":142396,"minecraft:damage_taken":3849,"minecraft:walk_one_cm":61148,"minecraft:drop":12,"minecraft:damage_dealt":107,"minecraft:swim_one_cm":96198,"minecraft:fly_one_cm":531777,"minecraft:open_chest":8,"minecraft:crouch_one_cm":299,"minecraft:play_time":58230,"tombstone:undead_killed":7,"minecraft:deaths":10,"minecraft:sneak_time":379,"minecraft:walk_under_water_one_cm":17203,"minecraft:jump":1723,"minecraft:walk_on_water_one_cm":40603,"minecraft:total_world_time":58230,"minecraft:fall_one_cm":51934},"minecraft:mined":{"minecraft:polished_blackstone_brick_wall":1,"minecraft:gray_stained_glass_pane":1,"minecraft:crafting_table":1,"minecraft:nether_bricks":25,"minecraft:grass_block":3,"minecraft:nether_wart":20,"minecraft:spawner":1,"minecraft:furnace":1,"minecraft:iron_ore":13,"minecraft:nether_brick_fence":2,"minecraft:coal_ore":9,"minecraft:oak_log":4,"minecraft:stone":35},"minecraft:killed":{"minecraft:magma_cube":14,"minecraft:pig":1,"doom:spectre":1,"doom:imp":1,"doom:unwilling":2,"doom:shotgunguy":1,"doom:maykr_drone":1,"doom:gargoyle":1,"minecraft:blaze":3},"minecraft:used":{"minecraft:water_bucket":9,"minecraft:stone_pickaxe":29,"minecraft:oak_planks":1,"minecraft:wooden_pickaxe":15,"minecraft:iron_chestplate":1,"minecraft:dirt":3,"minecraft:crafting_table":2,"minecraft:nether_bricks":23,"tombstone:tablet_of_cupidity":1,"minecraft:iron_pickaxe":45,"minecraft:cobblestone":23,"minecraft:furnace":1,"minecraft:cooked_porkchop":13,"minecraft:bucket":10,"tombstone:gift":3,"minecraft:golden_axe":5},"minecraft:crafted":{"minecraft:oak_planks":16,"minecraft:crafting_table":2,"minecraft:wooden_pickaxe":1,"minecraft:furnace":1,"minecraft:bucket":1,"minecraft:air":0,"minecraft:iron_chestplate":1,"minecraft:stick":8,"minecraft:iron_ingot":14,"minecraft:iron_pickaxe":1,"minecraft:stone_pickaxe":1}},"DataVersion":3465}