{"stats":{"minecraft:dropped":{"tacz:modern_kinetic_gun":1},"minecraft:killed_by":{"doom:doom_hunter":1,"minecraft:player":3},"minecraft:picked_up":{"minecraft:magma_cream":2,"tacz:ammo":144,"minecraft:cooked_porkchop":3,"tacz:modern_kinetic_gun":2,"minecraft:porkchop":24,"doom:argent_energy":2,"minecraft:oak_log":4,"minecraft:dirt":1},"minecraft:custom":{"minecraft:open_chest":1,"minecraft:time_since_rest":1,"minecraft:deaths":5,"tombstone:undead_killed":2,"minecraft:play_time":18065,"minecraft:sprint_one_cm":38983,"minecraft:damage_taken":1401,"minecraft:walk_one_cm":20689,"minecraft:sneak_time":22,"minecraft:walk_under_water_one_cm":7356,"minecraft:mob_kills":17,"minecraft:drop":1,"minecraft:jump":502,"minecraft:damage_dealt":97,"minecraft:time_since_death":1342,"minecraft:walk_on_water_one_cm":20339,"minecraft:total_world_time":18065,"minecraft:swim_one_cm":30200,"minecraft:fall_one_cm":15037,"minecraft:fly_one_cm":145748},"minecraft:killed":{"minecraft:magma_cube":14,"minecraft:pig":1,"doom:imp":1,"doom:unwilling":1},"minecraft:mined":{"minecraft:grass_block":1,"minecraft:oak_log":4},"minecraft:used":{"minecraft:dirt":1,"minecraft:cooked_porkchop":1,"tombstone:gift":2,"minecraft:golden_axe":5},"minecraft:crafted":{"minecraft:oak_planks":16,"minecraft:crafting_table":2}},"DataVersion":3465}