{"stats":{"minecraft:dropped":{"minecraft:porkchop":9,"tombstone:grave_key":2,"tombstone:gift":1,"tacz:modern_kinetic_gun":1,"minecraft:wooden_pickaxe":1},"minecraft:killed_by":{"doom:zombieman":1,"doom:doom_hunter":1,"minecraft:player":3},"minecraft:picked_up":{"minecraft:raw_iron":13,"minecraft:cooked_porkchop":13,"minecraft:magma_cream":2,"minecraft:nether_brick_fence":2,"minecraft:porkchop":36,"doom:argent_energy":2,"minecraft:oak_log":4,"tombstone:grave_key":2,"minecraft:dirt":3,"tombstone:gift":1,"tacz:ammo":144,"minecraft:bone":2,"tacz:modern_kinetic_gun":2,"minecraft:coal":4,"minecraft:cobblestone":21},"minecraft:custom":{"minecraft:time_since_rest":5469,"minecraft:interact_with_furnace":1,"minecraft:damage_taken":2463,"minecraft:sprint_one_cm":99460,"minecraft:walk_one_cm":30188,"minecraft:mob_kills":17,"minecraft:drop":9,"minecraft:damage_dealt":107,"minecraft:swim_one_cm":55671,"minecraft:interact_with_crafting_table":3,"minecraft:fly_one_cm":353501,"minecraft:open_chest":3,"minecraft:crouch_one_cm":299,"minecraft:play_time":38951,"tombstone:undead_killed":2,"minecraft:deaths":8,"minecraft:sneak_time":363,"minecraft:walk_under_water_one_cm":9768,"minecraft:jump":1191,"minecraft:leave_game":2,"minecraft:time_since_death":6746,"minecraft:walk_on_water_one_cm":27406,"minecraft:total_world_time":38951,"minecraft:fall_one_cm":38403},"minecraft:mined":{"minecraft:iron_ore":13,"minecraft:nether_brick_fence":2,"minecraft:coal_ore":4,"minecraft:grass_block":3,"minecraft:oak_log":4,"minecraft:stone":21},"minecraft:killed":{"minecraft:magma_cube":14,"minecraft:pig":1,"doom:imp":1,"doom:unwilling":1},"minecraft:used":{"minecraft:stone_pickaxe":25,"minecraft:wooden_pickaxe":15,"minecraft:dirt":3,"minecraft:cobblestone":7,"minecraft:crafting_table":2,"minecraft:furnace":1,"minecraft:cooked_porkchop":3,"tombstone:gift":3,"minecraft:golden_axe":5},"minecraft:crafted":{"minecraft:oak_planks":16,"minecraft:crafting_table":2,"minecraft:stick":4,"minecraft:wooden_pickaxe":1,"minecraft:iron_ingot":1,"minecraft:stone_pickaxe":1,"minecraft:furnace":1}},"DataVersion":3465}