{"stats":{"minecraft:dropped":{"minecraft:porkchop":19,"tombstone:gift":1,"tombstone:grave_key":2,"tacz:modern_kinetic_gun":1,"minecraft:wooden_pickaxe":1,"minecraft:iron_pickaxe":1},"minecraft:killed_by":{"doom:doom_hunter":1,"minecraft:player":5,"doom:zombieman":1,"doom:spectre":1},"minecraft:picked_up":{"minecraft:crafting_table":2,"minecraft:nether_wart":59,"minecraft:magma_cream":2,"minecraft:nether_brick_fence":2,"doom:shotgun_shells":1,"minecraft:oak_log":4,"tombstone:grave_key":2,"minecraft:nether_wart_block":1,"minecraft:dirt":8,"tombstone:gift":1,"minecraft:netherite_scrap":6,"tacz:ammo":144,"minecraft:bone":6,"minecraft:iron_pickaxe":1,"doom:chaingunbullets":1,"minecraft:furnace":3,"minecraft:raw_iron":24,"minecraft:cooked_porkchop":14,"minecraft:spruce_stairs":1,"minecraft:polished_blackstone_bricks":1,"minecraft:porkchop":58,"doom:argent_energy":9,"tombstone:grave_dust":1,"tacz:modern_kinetic_gun":2,"minecraft:nether_bricks":36,"minecraft:polished_blackstone_brick_wall":1,"minecraft:blaze_rod":4,"minecraft:coal":18,"minecraft:cobblestone":52},"minecraft:custom":{"minecraft:interact_with_furnace":13,"minecraft:mob_kills":38,"minecraft:interact_with_crafting_table":13,"minecraft:damage_dealt_resisted":679,"minecraft:leave_game":2,"minecraft:time_since_death":4056,"minecraft:damage_resisted":352,"minecraft:time_since_rest":3832,"minecraft:sprint_one_cm":207032,"minecraft:damage_taken":6690,"minecraft:walk_one_cm":143313,"minecraft:drop":13,"minecraft:damage_dealt":255,"tombstone:cast_on_ally":0,"minecraft:swim_one_cm":227947,"minecraft:fly_one_cm":704532,"minecraft:open_chest":26,"minecraft:crouch_one_cm":424,"minecraft:play_time":100230,"tombstone:undead_killed":17,"minecraft:deaths":12,"minecraft:sneak_time":601,"minecraft:walk_under_water_one_cm":31956,"minecraft:jump":2479,"minecraft:walk_on_water_one_cm":71948,"minecraft:total_world_time":100230,"minecraft:fall_one_cm":78540,"minecraft:inspect_dispenser":1},"minecraft:killed":{"minecraft:magma_cube":14,"minecraft:pig":3,"doom:spectre":1,"doom:lost_soul":2,"doom:imp":1,"doom:unwilling":4,"doom:gladiator":1,"doom:chaingunner":1,"doom:shotgunguy":1,"doom:hellknight2016":1,"doom:turret":1,"doom:maykr_drone":1,"minecraft:wither_skeleton":2,"doom:gargoyle":1,"minecraft:blaze":4},"minecraft:mined":{"minecraft:blackstone_stairs":1,"minecraft:polished_blackstone_brick_wall":1,"minecraft:gray_stained_glass_pane":2,"minecraft:crafting_table":2,"minecraft:nether_bricks":38,"minecraft:grass_block":4,"minecraft:tall_grass":4,"minecraft:cobblestone":2,"minecraft:nether_wart":60,"minecraft:spawner":5,"minecraft:polished_blackstone_bricks":1,"minecraft:furnace":3,"minecraft:iron_ore":24,"minecraft:nether_brick_fence":2,"minecraft:coal_ore":9,"minecraft:oak_log":4,"minecraft:dirt":1,"minecraft:stone":44},"minecraft:broken":{"doom:soulcube":1,"minecraft:golden_leggings":1},"minecraft:used":{"tombstone:scroll_of_lightning_resistance":2,"minecraft:water_bucket":23,"minecraft:stone_pickaxe":29,"minecraft:oak_planks":1,"minecraft:wooden_pickaxe":15,"tombstone:scroll_of_true_sight":1,"minecraft:polished_blackstone_bricks":1,"minecraft:iron_chestplate":1,"minecraft:dirt":3,"minecraft:crafting_table":4,"tombstone:scroll_of_aquatic_life":2,"minecraft:nether_bricks":36,"tombstone:tablet_of_cupidity":1,"minecraft:iron_pickaxe":92,"minecraft:golden_sword":40,"minecraft:cobblestone":29,"minecraft:porkchop":6,"minecraft:furnace":3,"minecraft:cooked_porkchop":21,"minecraft:bucket":24,"tombstone:gift":4,"minecraft:golden_axe":5},"minecraft:crafted":{"minecraft:oak_planks":16,"minecraft:cooked_porkchop":7,"minecraft:crafting_table":2,"minecraft:wooden_pickaxe":1,"minecraft:iron_helmet":1,"minecraft:furnace":1,"minecraft:bucket":1,"minecraft:brewing_stand":1,"minecraft:air":0,"minecraft:iron_boots":1,"minecraft:iron_chestplate":1,"minecraft:stick":8,"minecraft:iron_ingot":25,"minecraft:iron_pickaxe":1,"minecraft:stone_pickaxe":1}},"DataVersion":3465}