{"stats":{"minecraft:dropped":{"minecraft:porkchop":24,"tombstone:gift":1,"tombstone:grave_key":3,"tacz:modern_kinetic_gun":1,"minecraft:wooden_pickaxe":1,"minecraft:iron_pickaxe":1},"minecraft:killed_by":{"doom:doom_hunter":5,"minecraft:player":6,"doom:zombieman":1,"doom:spectre":1,"doom:shotgunguy":1,"doom:pinky":1,"stalwart_dungeons:giddy_blaze":2},"minecraft:picked_up":{"minecraft:crafting_table":2,"minecraft:nether_wart":59,"minecraft:magma_cream":2,"minecraft:nether_brick_fence":2,"doom:shotgun_shells":1,"minecraft:oak_log":4,"tombstone:grave_key":2,"minecraft:nether_wart_block":1,"minecraft:dirt":13,"tombstone:gift":1,"minecraft:netherite_scrap":6,"tacz:ammo":144,"minecraft:bone":6,"minecraft:iron_pickaxe":1,"doom:chaingunbullets":1,"minecraft:furnace":3,"minecraft:raw_iron":24,"minecraft:cooked_porkchop":17,"minecraft:spruce_stairs":1,"minecraft:porkchop":64,"minecraft:polished_blackstone_bricks":1,"doom:argent_energy":9,"tombstone:grave_dust":1,"minecraft:nether_bricks":36,"tacz:modern_kinetic_gun":2,"minecraft:polished_blackstone_brick_wall":1,"minecraft:blaze_rod":4,"minecraft:coal":18,"minecraft:cobblestone":90},"minecraft:custom":{"minecraft:interact_with_furnace":13,"minecraft:mob_kills":38,"minecraft:interact_with_crafting_table":13,"minecraft:damage_dealt_resisted":679,"minecraft:leave_game":3,"minecraft:time_since_death":1238,"minecraft:damage_resisted":352,"minecraft:time_since_rest":1122,"minecraft:sprint_one_cm":274081,"minecraft:damage_taken":9142,"minecraft:walk_one_cm":159395,"minecraft:drop":19,"minecraft:damage_dealt":343,"tombstone:cast_on_ally":0,"minecraft:swim_one_cm":257381,"minecraft:fly_one_cm":828082,"minecraft:open_chest":36,"minecraft:play_time":118478,"minecraft:crouch_one_cm":633,"tombstone:undead_killed":17,"minecraft:deaths":21,"minecraft:sneak_time":718,"minecraft:walk_under_water_one_cm":33462,"minecraft:jump":2962,"minecraft:walk_on_water_one_cm":80045,"minecraft:total_world_time":118478,"minecraft:fall_one_cm":88710,"minecraft:inspect_dispenser":1},"minecraft:mined":{"minecraft:blackstone_stairs":1,"minecraft:polished_blackstone_brick_wall":1,"minecraft:gray_stained_glass_pane":2,"minecraft:crafting_table":2,"minecraft:nether_bricks":38,"minecraft:grass_block":5,"minecraft:tall_grass":4,"minecraft:cobblestone":2,"minecraft:nether_wart":60,"minecraft:spawner":5,"minecraft:polished_blackstone_bricks":1,"minecraft:furnace":3,"minecraft:iron_ore":24,"minecraft:nether_brick_fence":2,"minecraft:oak_log":4,"minecraft:coal_ore":9,"minecraft:dirt":5,"minecraft:stone":82},"minecraft:killed":{"minecraft:magma_cube":14,"minecraft:pig":3,"doom:spectre":1,"doom:lost_soul":2,"doom:imp":1,"doom:unwilling":4,"doom:gladiator":1,"doom:chaingunner":1,"doom:shotgunguy":1,"doom:hellknight2016":1,"doom:turret":1,"doom:maykr_drone":1,"minecraft:wither_skeleton":2,"doom:gargoyle":1,"minecraft:blaze":4},"minecraft:broken":{"doom:soulcube":1,"minecraft:golden_leggings":1},"minecraft:used":{"tombstone:scroll_of_lightning_resistance":2,"minecraft:water_bucket":25,"minecraft:stone_pickaxe":29,"minecraft:oak_planks":1,"minecraft:wooden_pickaxe":15,"tombstone:scroll_of_true_sight":1,"minecraft:polished_blackstone_bricks":1,"minecraft:iron_chestplate":1,"minecraft:dirt":6,"minecraft:crafting_table":4,"tombstone:scroll_of_aquatic_life":2,"minecraft:nether_bricks":36,"tombstone:tablet_of_cupidity":1,"minecraft:iron_pickaxe":132,"minecraft:golden_sword":40,"minecraft:cobblestone":64,"minecraft:furnace":3,"minecraft:porkchop":6,"minecraft:cooked_porkchop":22,"minecraft:bucket":26,"tombstone:gift":4,"minecraft:golden_axe":5},"minecraft:crafted":{"minecraft:oak_planks":16,"minecraft:cooked_porkchop":7,"minecraft:crafting_table":2,"minecraft:wooden_pickaxe":1,"minecraft:iron_helmet":1,"minecraft:furnace":1,"minecraft:bucket":1,"minecraft:brewing_stand":1,"minecraft:air":0,"minecraft:iron_boots":1,"minecraft:iron_chestplate":1,"minecraft:stick":8,"minecraft:iron_ingot":25,"minecraft:iron_pickaxe":1,"minecraft:stone_pickaxe":1}},"DataVersion":3465}