{"stats":{"minecraft:used":{"tombstone:scroll_of_lightning_resistance":2,"minecraft:flint_and_steel":28,"minecraft:chest":1,"tacz:gun_smith_table":1,"minecraft:shield":44,"minecraft:iron_sword":30,"stalwart_dungeons:purpur_bricks":17,"minecraft:iron_chestplate":1,"minecraft:dirt":51,"tombstone:scroll_of_aquatic_life":2,"minecraft:nether_bricks":36,"minecraft:golden_chestplate":1,"minecraft:obsidian":1,"minecraft:lava_bucket":2,"tombstone:tablet_of_cupidity":1,"minecraft:diamond_chestplate":2,"minecraft:golden_sword":40,"minecraft:furnace":5,"tombstone:gift":6,"minecraft:cobbled_deepslate":42,"minecraft:golden_axe":5,"minecraft:water_bucket":45,"minecraft:end_stone_bricks":2,"minecraft:stone_pickaxe":82,"minecraft:oak_planks":20,"minecraft:ender_pearl":2,"minecraft:wooden_pickaxe":20,"tombstone:scroll_of_true_sight":1,"minecraft:polished_blackstone_bricks":1,"minecraft:golden_apple":1,"minecraft:crafting_table":11,"tombstone:tablet_of_home":2,"tombstone:bag_of_seeds":1,"minecraft:oak_log":2,"minecraft:diamond_pickaxe":49,"stalwart_dungeons:cracked_endstone_bricks":1,"minecraft:iron_pickaxe":282,"tombstone:grave_key":3,"minecraft:stone_axe":2,"minecraft:diamond_sword":145,"minecraft:cobblestone":128,"minecraft:potion":1,"minecraft:porkchop":22,"minecraft:cooked_porkchop":48,"minecraft:bucket":49,"minecraft:golden_pickaxe":6,"minecraft:soul_torch":5,"tombstone:scroll_of_unstable_intangibility":1},"minecraft:crafted":{"minecraft:oak_planks":100,"minecraft:furnace":2,"minecraft:iron_boots":2,"minecraft:stone_pickaxe":2,"minecraft:crimson_planks":8,"minecraft:diamond_sword":2,"minecraft:cooked_porkchop":7,"minecraft:crafting_table":4,"minecraft:wooden_pickaxe":2,"minecraft:iron_helmet":1,"minecraft:iron_sword":1,"tacz:gun_smith_table":1,"minecraft:bucket":2,"minecraft:brewing_stand":1,"minecraft:stone_axe":1,"minecraft:air":0,"minecraft:iron_chestplate":1,"minecraft:diamond_pickaxe":1,"minecraft:shield":2,"minecraft:stick":28,"minecraft:iron_ingot":40,"minecraft:iron_pickaxe":3,"minecraft:iron_block":1,"minecraft:diamond_chestplate":2},"minecraft:custom":{"minecraft:mob_kills":53,"minecraft:interact_with_crafting_table":41,"minecraft:open_barrel":7,"minecraft:damage_dealt_resisted":679,"minecraft:leave_game":14,"minecraft:time_since_death":1500,"minecraft:damage_resisted":2559,"minecraft:sprint_one_cm":650600,"minecraft:walk_one_cm":402973,"minecraft:damage_blocked_by_shield":1263,"minecraft:drop":118,"minecraft:talked_to_villager":1,"minecraft:play_time":358681,"minecraft:deaths":75,"minecraft:sneak_time":6123,"minecraft:walk_under_water_one_cm":71383,"minecraft:jump":7449,"minecraft:walk_on_water_one_cm":184167,"minecraft:total_world_time":358681,"minecraft:interact_with_furnace":25,"minecraft:time_since_rest":1171,"minecraft:waystone_activated":1,"minecraft:damage_taken":28658,"minecraft:damage_absorbed":40,"tombstone:sneak_grave":4,"minecraft:damage_dealt":12576,"tombstone:cast_on_ally":0,"minecraft:swim_one_cm":532737,"minecraft:fly_one_cm":1891789,"minecraft:open_chest":98,"minecraft:crouch_one_cm":10946,"tombstone:undead_killed":25,"minecraft:fall_one_cm":242113,"minecraft:inspect_dispenser":3},"minecraft:killed_by":{"minecraft:player":26,"minecraft:wither_skeleton":2,"cataclysm:ender_golem":1,"doom:zombieman":1,"stalwart_dungeons:giddy_blaze":2,"doom:marauder":1,"stalwart_dungeons:propulk":1,"minecraft:vindicator":4,"doom:doom_hunter":6,"doom:baron":1,"doom:cyberdemon":2,"doom:imp":1,"minecraft:skeleton":1,"minecraft:blaze":1,"doom:chaingunner":1,"doom:spectre":4,"doom:shotgunguy":3,"doom:pinky":3,"minecraft:vex":1},"minecraft:picked_up":{"minecraft:end_stone_bricks":2,"irons_spellbooks:scroll":4,"minecraft:cocoa_beans":6,"minecraft:crafting_table":15,"artifacts:night_vision_goggles":1,"minecraft:nether_brick_fence":2,"minecraft:nether_wart":143,"doom:shotgun_shells":2,"minecraft:diamond_sword":1,"minecraft:potion":1,"minecraft:enchanted_book":1,"minecraft:diamond_horse_armor":1,"tombstone:grave_key":4,"minecraft:brewing_stand":3,"stalwart_dungeons:chorundum":5,"minecraft:shield":1,"minecraft:raw_copper":92,"minecraft:item_frame":1,"minecraft:flint_and_steel":4,"minecraft:netherite_scrap":24,"doom:daisy":1,"tacz:ammo":144,"irons_spellbooks:arcane_essence":148,"usefulbackpacks:backpack_small":1,"minecraft:cobbled_deepslate":47,"minecraft:bucket":1,"minecraft:iron_nugget":86,"minecraft:enchanted_golden_apple":1,"minecraft:iron_pickaxe":1,"doom:chaingunbullets":3,"irons_spellbooks:blank_rune":2,"minecraft:chest":1,"minecraft:iron_boots":1,"minecraft:furnace":8,"minecraft:stick":3,"minecraft:raw_iron":58,"minecraft:spruce_stairs":1,"minecraft:porkchop":146,"minecraft:polished_blackstone_bricks":1,"cataclysm:burning_ashes":2,"tombstone:grave_dust":8,"minecraft:redstone":81,"minecraft:diamond_chestplate":4,"artifacts:cowboy_hat":1,"minecraft:beetroot_seeds":2,"minecraft:nether_bricks":36,"tombstone:essence_of_undeath":1,"minecraft:saddle":1,"minecraft:gold_ingot":3,"minecraft:blaze_rod":49,"minecraft:cobblestone":184,"stalwart_dungeons:purpur_bricks":17,"minecraft:magma_cream":4,"minecraft:crimson_stem":2,"cataclysm:ignitium_ingot":3,"minecraft:oak_log":30,"minecraft:nether_wart_block":1,"cataclysm:gauntlet_of_guard":1,"minecraft:lapis_lazuli":66,"minecraft:dirt":69,"tombstone:gift":1,"minecraft:name_tag":4,"minecraft:bone":6,"minecraft:wheat_seeds":1,"minecraft:iron_ingot":45,"minecraft:stone_pickaxe":2,"tombstone:bag_of_seeds":1,"minecraft:glass_bottle":5,"tacz:gun_smith_table":4,"minecraft:iron_sword":2,"minecraft:oak_planks":1,"minecraft:ghast_tear":2,"minecraft:cooked_porkchop":44,"doom:soulcube":1,"minecraft:torchflower_seeds":2,"doom:argent_energy":42,"minecraft:soul_torch":5,"stalwart_dungeons:cracked_endstone_bricks":1,"doom:bullets":4,"minecraft:bundle":1,"minecraft:diamond":8,"minecraft:stone_axe":1,"tacz:modern_kinetic_gun":6,"minecraft:golden_apple":1,"minecraft:polished_blackstone_brick_wall":1,"minecraft:golden_horse_armor":1,"minecraft:emerald":2,"minecraft:oak_sapling":12,"minecraft:coal":32,"minecraft:ender_pearl":3},"minecraft:dropped":{"minecraft:iron_ingot":3,"minecraft:porkchop":74,"minecraft:wheat_seeds":1,"minecraft:crafting_table":1,"minecraft:golden_pickaxe":1,"minecraft:glass_bottle":11,"minecraft:ender_pearl":1,"minecraft:golden_horse_armor":2,"cataclysm:burning_ashes":2,"doom:chaingunbullets":2,"minecraft:diamond_horse_armor":1,"minecraft:dirt":18,"tombstone:grave_key":7,"minecraft:potion":1,"tacz:modern_kinetic_gun":1,"minecraft:iron_pickaxe":1,"artifacts:cowboy_hat":1,"minecraft:gold_ingot":3,"minecraft:bone":2,"minecraft:stone_axe":1,"minecraft:soul_torch":4,"minecraft:iron_nugget":35,"cataclysm:ignitium_ingot":3,"minecraft:nether_wart":4,"minecraft:cocoa_beans":3,"minecraft:raw_iron":1,"tombstone:gift":1,"doom:shotgun_shells":1,"minecraft:name_tag":1,"minecraft:torchflower_seeds":1,"minecraft:flint_and_steel":2,"minecraft:beetroot_seeds":1,"tombstone:essence_of_undeath":1,"minecraft:wooden_pickaxe":2,"minecraft:stone_pickaxe":1,"doom:daisy":1},"minecraft:broken":{"minecraft:iron_boots":1,"minecraft:iron_chestplate":1,"minecraft:golden_leggings":1,"minecraft:iron_pickaxe":1,"minecraft:iron_helmet":1,"minecraft:golden_chestplate":1,"doom:soulcube":2},"minecraft:killed":{"doom:lost_soul":2,"doom:imp":3,"doom:unwilling":8,"doom:turret":1,"doom:maykr_drone":1,"minecraft:magma_cube":14,"minecraft:pig":5,"doom:spectre":1,"doom:gladiator":1,"doom:shotgunguy":1,"doom:chaingunner":1,"doom:zombieman":1,"doom:hellknight2016":1,"minecraft:wither_skeleton":2,"doom:gargoyle":2,"minecraft:blaze":6},"minecraft:mined":{"minecraft:blackstone_stairs":1,"minecraft:deepslate_diamond_ore":8,"minecraft:gray_stained_glass_pane":2,"minecraft:nether_bricks":38,"minecraft:grass_block":22,"stalwart_dungeons:cracked_endstone_bricks":1,"tacz:gun_smith_table":1,"minecraft:crimson_stem":2,"minecraft:nether_wart":65,"minecraft:spawner":9,"minecraft:polished_blackstone_bricks":1,"stalwart_dungeons:purpur_bricks":17,"minecraft:furnace":5,"minecraft:iron_ore":49,"minecraft:fire":29,"minecraft:cobbled_deepslate":2,"minecraft:deepslate_lapis_ore":5,"minecraft:nether_brick_fence":5,"minecraft:end_stone_bricks":2,"minecraft:stone":174,"minecraft:deepslate_redstone_ore":13,"minecraft:soul_wall_torch":1,"minecraft:polished_blackstone_brick_wall":1,"stalwart_dungeons:chorundum_ore":6,"minecraft:crafting_table":10,"minecraft:chest":1,"minecraft:copper_ore":7,"minecraft:tall_grass":5,"minecraft:cobblestone":7,"minecraft:oak_planks":1,"minecraft:oak_log":30,"minecraft:coal_ore":17,"minecraft:dirt":40,"minecraft:oak_leaves":6,"minecraft:deepslate":46}},"DataVersion":3465}