{"stats":{"minecraft:used":{"tombstone:scroll_of_lightning_resistance":2,"minecraft:flint_and_steel":28,"minecraft:chest":1,"tacz:gun_smith_table":1,"minecraft:iron_chestplate":1,"stalwart_dungeons:purpur_bricks":17,"minecraft:dirt":48,"tombstone:scroll_of_aquatic_life":2,"minecraft:nether_bricks":36,"minecraft:obsidian":1,"tombstone:tablet_of_cupidity":1,"minecraft:diamond_chestplate":1,"minecraft:golden_sword":40,"minecraft:furnace":4,"tombstone:gift":6,"minecraft:cobbled_deepslate":33,"minecraft:golden_axe":5,"minecraft:water_bucket":45,"minecraft:end_stone_bricks":2,"minecraft:stone_pickaxe":29,"minecraft:oak_planks":3,"minecraft:ender_pearl":2,"minecraft:wooden_pickaxe":15,"tombstone:scroll_of_true_sight":1,"minecraft:polished_blackstone_bricks":1,"minecraft:golden_apple":1,"minecraft:crafting_table":6,"tombstone:tablet_of_home":2,"minecraft:diamond_pickaxe":49,"stalwart_dungeons:cracked_endstone_bricks":1,"minecraft:iron_pickaxe":245,"minecraft:diamond_sword":140,"minecraft:cobblestone":118,"minecraft:potion":1,"minecraft:porkchop":11,"minecraft:cooked_porkchop":46,"minecraft:bucket":46,"minecraft:golden_pickaxe":6,"minecraft:soul_torch":5,"tombstone:scroll_of_unstable_intangibility":1},"minecraft:crafted":{"minecraft:oak_planks":24,"minecraft:furnace":1,"minecraft:iron_boots":1,"minecraft:stone_pickaxe":1,"minecraft:diamond_sword":1,"minecraft:cooked_porkchop":7,"minecraft:crafting_table":3,"minecraft:wooden_pickaxe":1,"minecraft:iron_helmet":1,"tacz:gun_smith_table":1,"minecraft:bucket":1,"minecraft:brewing_stand":1,"minecraft:air":0,"minecraft:iron_chestplate":1,"minecraft:diamond_pickaxe":1,"minecraft:stick":12,"minecraft:iron_ingot":28,"minecraft:iron_pickaxe":1,"minecraft:iron_block":1,"minecraft:diamond_chestplate":1},"minecraft:custom":{"minecraft:mob_kills":47,"minecraft:interact_with_crafting_table":20,"minecraft:damage_dealt_resisted":679,"minecraft:leave_game":8,"minecraft:time_since_death":2257,"minecraft:damage_resisted":1146,"minecraft:sprint_one_cm":477356,"minecraft:walk_one_cm":279072,"minecraft:drop":83,"minecraft:play_time":260312,"minecraft:deaths":44,"minecraft:sneak_time":3937,"minecraft:walk_under_water_one_cm":47056,"minecraft:jump":5480,"minecraft:walk_on_water_one_cm":146525,"minecraft:total_world_time":260312,"minecraft:interact_with_furnace":14,"minecraft:time_since_rest":1,"minecraft:waystone_activated":1,"minecraft:damage_taken":18457,"minecraft:damage_absorbed":40,"tombstone:sneak_grave":2,"minecraft:damage_dealt":9506,"tombstone:cast_on_ally":0,"minecraft:swim_one_cm":303686,"minecraft:fly_one_cm":1415961,"minecraft:open_chest":89,"minecraft:crouch_one_cm":7237,"tombstone:undead_killed":19,"minecraft:fall_one_cm":166393,"minecraft:inspect_dispenser":1},"minecraft:killed_by":{"minecraft:player":18,"minecraft:wither_skeleton":1,"cataclysm:ender_golem":1,"doom:zombieman":1,"stalwart_dungeons:giddy_blaze":2,"stalwart_dungeons:propulk":1,"doom:doom_hunter":5,"doom:imp":1,"minecraft:blaze":1,"doom:spectre":2,"doom:shotgunguy":3,"doom:pinky":1},"minecraft:picked_up":{"minecraft:end_stone_bricks":2,"irons_spellbooks:scroll":4,"minecraft:crafting_table":7,"minecraft:nether_brick_fence":2,"minecraft:nether_wart":127,"doom:shotgun_shells":2,"minecraft:diamond_sword":1,"minecraft:potion":1,"minecraft:enchanted_book":1,"minecraft:diamond_horse_armor":1,"tombstone:grave_key":3,"minecraft:brewing_stand":3,"stalwart_dungeons:chorundum":5,"minecraft:raw_copper":90,"minecraft:flint_and_steel":4,"minecraft:netherite_scrap":24,"tacz:ammo":144,"irons_spellbooks:arcane_essence":147,"minecraft:cobbled_deepslate":33,"minecraft:bucket":1,"minecraft:enchanted_golden_apple":1,"minecraft:iron_nugget":86,"doom:chaingunbullets":1,"minecraft:iron_pickaxe":1,"irons_spellbooks:blank_rune":2,"minecraft:chest":1,"minecraft:furnace":6,"minecraft:raw_iron":25,"minecraft:spruce_stairs":1,"minecraft:porkchop":98,"minecraft:polished_blackstone_bricks":1,"tombstone:grave_dust":2,"minecraft:redstone":32,"minecraft:diamond_chestplate":3,"artifacts:cowboy_hat":1,"minecraft:nether_bricks":36,"tombstone:essence_of_undeath":1,"minecraft:gold_ingot":3,"minecraft:blaze_rod":49,"minecraft:cobblestone":158,"stalwart_dungeons:purpur_bricks":17,"minecraft:magma_cream":4,"minecraft:oak_log":9,"minecraft:nether_wart_block":1,"minecraft:lapis_lazuli":42,"minecraft:dirt":66,"tombstone:gift":1,"minecraft:name_tag":4,"minecraft:bone":6,"minecraft:wheat_seeds":1,"minecraft:iron_ingot":42,"minecraft:glass_bottle":5,"tacz:gun_smith_table":4,"minecraft:oak_planks":1,"minecraft:cooked_porkchop":42,"doom:argent_energy":35,"minecraft:soul_torch":5,"stalwart_dungeons:cracked_endstone_bricks":1,"tacz:modern_kinetic_gun":6,"minecraft:golden_apple":1,"minecraft:polished_blackstone_brick_wall":1,"minecraft:golden_horse_armor":1,"minecraft:oak_sapling":12,"minecraft:coal":18,"minecraft:ender_pearl":3},"minecraft:dropped":{"minecraft:iron_ingot":3,"minecraft:porkchop":51,"minecraft:wheat_seeds":1,"minecraft:golden_pickaxe":1,"minecraft:glass_bottle":11,"minecraft:ender_pearl":1,"minecraft:golden_horse_armor":2,"doom:chaingunbullets":1,"minecraft:diamond_horse_armor":1,"minecraft:dirt":18,"tombstone:grave_key":4,"minecraft:potion":1,"tacz:modern_kinetic_gun":1,"minecraft:iron_pickaxe":1,"artifacts:cowboy_hat":1,"minecraft:gold_ingot":3,"minecraft:bone":2,"minecraft:soul_torch":4,"minecraft:iron_nugget":35,"minecraft:nether_wart":4,"minecraft:raw_iron":1,"tombstone:gift":1,"doom:shotgun_shells":1,"minecraft:name_tag":1,"minecraft:flint_and_steel":2,"tombstone:essence_of_undeath":1,"minecraft:wooden_pickaxe":1},"minecraft:broken":{"minecraft:iron_boots":1,"minecraft:iron_chestplate":1,"minecraft:golden_leggings":1,"minecraft:iron_pickaxe":1,"minecraft:iron_helmet":1,"doom:soulcube":1},"minecraft:killed":{"doom:lost_soul":2,"doom:imp":1,"doom:unwilling":5,"doom:turret":1,"doom:maykr_drone":1,"minecraft:magma_cube":14,"minecraft:pig":5,"doom:spectre":1,"doom:gladiator":1,"doom:chaingunner":1,"doom:shotgunguy":1,"doom:hellknight2016":1,"minecraft:wither_skeleton":2,"doom:gargoyle":2,"minecraft:blaze":6},"minecraft:mined":{"minecraft:blackstone_stairs":1,"minecraft:gray_stained_glass_pane":2,"minecraft:nether_bricks":38,"minecraft:grass_block":19,"stalwart_dungeons:cracked_endstone_bricks":1,"tacz:gun_smith_table":1,"minecraft:nether_wart":60,"minecraft:spawner":9,"minecraft:polished_blackstone_bricks":1,"stalwart_dungeons:purpur_bricks":17,"minecraft:furnace":4,"minecraft:iron_ore":25,"minecraft:cobbled_deepslate":2,"minecraft:fire":28,"minecraft:deepslate_lapis_ore":3,"minecraft:nether_brick_fence":5,"minecraft:end_stone_bricks":2,"minecraft:stone":150,"minecraft:deepslate_redstone_ore":2,"minecraft:soul_wall_torch":1,"minecraft:polished_blackstone_brick_wall":1,"stalwart_dungeons:chorundum_ore":6,"minecraft:crafting_table":4,"minecraft:chest":1,"minecraft:tall_grass":5,"minecraft:copper_ore":6,"minecraft:cobblestone":6,"minecraft:oak_planks":1,"minecraft:oak_log":9,"minecraft:coal_ore":9,"minecraft:dirt":40,"minecraft:oak_leaves":3,"minecraft:deepslate":32}},"DataVersion":3465}