{"stats":{"minecraft:dropped":{"minecraft:porkchop":19,"tombstone:gift":1,"tombstone:grave_key":2,"tacz:modern_kinetic_gun":1,"minecraft:wooden_pickaxe":1},"minecraft:killed_by":{"doom:doom_hunter":1,"minecraft:player":4,"doom:zombieman":1,"doom:spectre":1},"minecraft:picked_up":{"minecraft:crafting_table":1,"minecraft:nether_wart":25,"minecraft:magma_cream":2,"minecraft:nether_brick_fence":2,"doom:shotgun_shells":1,"minecraft:oak_log":4,"tombstone:grave_key":2,"minecraft:dirt":3,"tombstone:gift":1,"tacz:ammo":144,"minecraft:bone":2,"minecraft:furnace":2,"minecraft:raw_iron":13,"minecraft:cooked_porkchop":14,"minecraft:porkchop":56,"doom:argent_energy":7,"tombstone:grave_dust":1,"tacz:modern_kinetic_gun":2,"minecraft:nether_bricks":36,"minecraft:polished_blackstone_brick_wall":1,"minecraft:blaze_rod":4,"minecraft:coal":15,"minecraft:cobblestone":34},"minecraft:custom":{"minecraft:interact_with_furnace":11,"minecraft:mob_kills":29,"minecraft:interact_with_crafting_table":10,"minecraft:leave_game":2,"minecraft:time_since_death":20242,"minecraft:damage_resisted":100,"minecraft:time_since_rest":19433,"minecraft:sprint_one_cm":153294,"minecraft:damage_taken":4826,"minecraft:walk_one_cm":69525,"minecraft:drop":12,"minecraft:damage_dealt":155,"tombstone:cast_on_ally":0,"minecraft:swim_one_cm":211843,"minecraft:fly_one_cm":572581,"minecraft:open_chest":14,"minecraft:crouch_one_cm":299,"minecraft:play_time":70230,"tombstone:undead_killed":10,"minecraft:deaths":10,"minecraft:sneak_time":386,"minecraft:walk_under_water_one_cm":24820,"minecraft:jump":1857,"minecraft:walk_on_water_one_cm":59650,"minecraft:total_world_time":70230,"minecraft:fall_one_cm":54894},"minecraft:mined":{"minecraft:polished_blackstone_brick_wall":1,"minecraft:gray_stained_glass_pane":2,"minecraft:crafting_table":1,"minecraft:nether_bricks":38,"minecraft:grass_block":3,"minecraft:nether_wart":22,"minecraft:spawner":1,"minecraft:furnace":2,"minecraft:iron_ore":13,"minecraft:nether_brick_fence":2,"minecraft:coal_ore":9,"minecraft:oak_log":4,"minecraft:stone":35},"minecraft:killed":{"minecraft:magma_cube":14,"minecraft:pig":1,"doom:spectre":1,"doom:lost_soul":2,"doom:imp":1,"doom:unwilling":2,"doom:shotgunguy":1,"doom:turret":1,"doom:maykr_drone":1,"doom:gargoyle":1,"minecraft:blaze":4},"minecraft:used":{"tombstone:scroll_of_lightning_resistance":1,"minecraft:water_bucket":9,"minecraft:stone_pickaxe":29,"minecraft:oak_planks":1,"minecraft:wooden_pickaxe":15,"minecraft:iron_chestplate":1,"minecraft:dirt":3,"minecraft:crafting_table":2,"tombstone:scroll_of_aquatic_life":2,"minecraft:nether_bricks":28,"tombstone:tablet_of_cupidity":1,"minecraft:iron_pickaxe":62,"minecraft:golden_sword":2,"minecraft:cobblestone":23,"minecraft:porkchop":4,"minecraft:furnace":2,"minecraft:cooked_porkchop":19,"minecraft:bucket":10,"tombstone:gift":3,"minecraft:golden_axe":5},"minecraft:crafted":{"minecraft:oak_planks":16,"minecraft:cooked_porkchop":7,"minecraft:crafting_table":2,"minecraft:wooden_pickaxe":1,"minecraft:furnace":1,"minecraft:bucket":1,"minecraft:air":0,"minecraft:iron_chestplate":1,"minecraft:stick":8,"minecraft:iron_ingot":14,"minecraft:iron_pickaxe":1,"minecraft:stone_pickaxe":1}},"DataVersion":3465}