{"stats":{"minecraft:used":{"tombstone:scroll_of_lightning_resistance":2,"minecraft:water_bucket":27,"minecraft:stone_pickaxe":29,"minecraft:oak_planks":1,"minecraft:wooden_pickaxe":15,"tombstone:scroll_of_true_sight":1,"minecraft:polished_blackstone_bricks":1,"minecraft:iron_chestplate":1,"minecraft:golden_apple":1,"minecraft:dirt":18,"minecraft:crafting_table":4,"tombstone:scroll_of_aquatic_life":2,"minecraft:nether_bricks":36,"tombstone:tablet_of_cupidity":1,"minecraft:iron_pickaxe":149,"minecraft:golden_sword":40,"minecraft:cobblestone":64,"minecraft:potion":1,"minecraft:porkchop":9,"minecraft:furnace":3,"minecraft:cooked_porkchop":24,"minecraft:bucket":27,"tombstone:gift":6,"minecraft:golden_pickaxe":6,"minecraft:golden_axe":5,"minecraft:soul_torch":1,"minecraft:cobbled_deepslate":8},"minecraft:crafted":{"minecraft:oak_planks":16,"minecraft:cooked_porkchop":7,"minecraft:crafting_table":2,"minecraft:wooden_pickaxe":1,"minecraft:iron_helmet":1,"minecraft:furnace":1,"minecraft:bucket":1,"minecraft:brewing_stand":1,"minecraft:air":0,"minecraft:iron_boots":1,"minecraft:iron_chestplate":1,"minecraft:stick":8,"minecraft:iron_ingot":25,"minecraft:iron_pickaxe":1,"minecraft:stone_pickaxe":1},"minecraft:custom":{"minecraft:interact_with_furnace":13,"minecraft:mob_kills":39,"minecraft:interact_with_crafting_table":13,"minecraft:damage_dealt_resisted":679,"minecraft:leave_game":5,"minecraft:time_since_death":8880,"minecraft:damage_resisted":352,"minecraft:time_since_rest":6481,"minecraft:damage_absorbed":40,"minecraft:sprint_one_cm":315775,"minecraft:damage_taken":10463,"minecraft:walk_one_cm":181397,"tombstone:sneak_grave":1,"minecraft:drop":44,"minecraft:damage_dealt":641,"tombstone:cast_on_ally":0,"minecraft:swim_one_cm":259107,"minecraft:fly_one_cm":928973,"minecraft:open_chest":37,"minecraft:play_time":166070,"minecraft:crouch_one_cm":2223,"tombstone:undead_killed":18,"minecraft:deaths":23,"minecraft:sneak_time":1251,"minecraft:walk_under_water_one_cm":35035,"minecraft:jump":3520,"minecraft:walk_on_water_one_cm":84000,"minecraft:total_world_time":166070,"minecraft:fall_one_cm":111910,"minecraft:inspect_dispenser":1},"minecraft:killed_by":{"doom:doom_hunter":5,"minecraft:player":6,"doom:imp":1,"doom:zombieman":1,"doom:spectre":1,"doom:shotgunguy":2,"doom:pinky":1,"stalwart_dungeons:giddy_blaze":2},"minecraft:picked_up":{"irons_spellbooks:scroll":1,"minecraft:crafting_table":2,"minecraft:nether_wart":63,"minecraft:magma_cream":2,"minecraft:nether_brick_fence":2,"doom:shotgun_shells":2,"minecraft:potion":1,"minecraft:oak_log":4,"tombstone:grave_key":2,"minecraft:nether_wart_block":1,"minecraft:dirt":19,"tombstone:gift":1,"minecraft:name_tag":1,"minecraft:netherite_scrap":6,"tacz:ammo":144,"minecraft:bone":6,"minecraft:cobbled_deepslate":10,"minecraft:iron_ingot":3,"minecraft:iron_nugget":35,"minecraft:iron_pickaxe":1,"minecraft:enchanted_golden_apple":1,"minecraft:glass_bottle":5,"doom:chaingunbullets":1,"minecraft:furnace":3,"minecraft:raw_iron":24,"minecraft:cooked_porkchop":20,"minecraft:spruce_stairs":1,"minecraft:porkchop":65,"minecraft:polished_blackstone_bricks":1,"doom:argent_energy":10,"minecraft:soul_torch":5,"tombstone:grave_dust":2,"minecraft:redstone":8,"minecraft:nether_bricks":36,"tacz:modern_kinetic_gun":2,"minecraft:golden_apple":1,"minecraft:polished_blackstone_brick_wall":1,"minecraft:gold_ingot":3,"minecraft:blaze_rod":4,"minecraft:coal":18,"minecraft:cobblestone":90},"minecraft:dropped":{"minecraft:iron_ingot":3,"minecraft:porkchop":25,"minecraft:soul_torch":4,"minecraft:nether_wart":4,"minecraft:golden_pickaxe":1,"minecraft:glass_bottle":11,"tombstone:gift":1,"minecraft:name_tag":1,"tombstone:grave_key":3,"minecraft:potion":1,"tacz:modern_kinetic_gun":1,"minecraft:wooden_pickaxe":1,"minecraft:iron_pickaxe":1,"minecraft:gold_ingot":3,"minecraft:bone":2},"minecraft:broken":{"doom:soulcube":1,"minecraft:golden_leggings":1},"minecraft:killed":{"minecraft:magma_cube":14,"minecraft:pig":3,"doom:spectre":1,"doom:lost_soul":2,"doom:imp":1,"doom:unwilling":5,"doom:gladiator":1,"doom:chaingunner":1,"doom:shotgunguy":1,"doom:hellknight2016":1,"doom:turret":1,"doom:maykr_drone":1,"minecraft:wither_skeleton":2,"doom:gargoyle":1,"minecraft:blaze":4},"minecraft:mined":{"minecraft:deepslate_redstone_ore":2,"minecraft:soul_wall_torch":1,"minecraft:blackstone_stairs":1,"minecraft:polished_blackstone_brick_wall":1,"minecraft:gray_stained_glass_pane":2,"minecraft:crafting_table":2,"minecraft:nether_bricks":38,"minecraft:grass_block":7,"minecraft:tall_grass":4,"minecraft:cobblestone":2,"minecraft:nether_wart":60,"minecraft:spawner":5,"minecraft:polished_blackstone_bricks":1,"minecraft:furnace":3,"minecraft:iron_ore":24,"minecraft:nether_brick_fence":2,"minecraft:coal_ore":9,"minecraft:oak_log":4,"minecraft:dirt":9,"minecraft:stone":82,"minecraft:deepslate":11}},"DataVersion":3465}