{"stats":{"minecraft:dropped":{"minecraft:porkchop":19,"tombstone:gift":1,"tombstone:grave_key":2,"tacz:modern_kinetic_gun":1,"minecraft:wooden_pickaxe":1,"minecraft:iron_pickaxe":1},"minecraft:killed_by":{"doom:doom_hunter":1,"minecraft:player":4,"doom:zombieman":1,"doom:spectre":1},"minecraft:picked_up":{"minecraft:crafting_table":2,"minecraft:nether_wart":59,"minecraft:magma_cream":2,"minecraft:nether_brick_fence":2,"doom:shotgun_shells":1,"minecraft:oak_log":4,"tombstone:grave_key":2,"minecraft:dirt":3,"tombstone:gift":1,"tacz:ammo":144,"minecraft:bone":6,"minecraft:iron_pickaxe":1,"minecraft:furnace":3,"minecraft:raw_iron":24,"minecraft:cooked_porkchop":14,"minecraft:porkchop":56,"doom:argent_energy":8,"tombstone:grave_dust":1,"tacz:modern_kinetic_gun":2,"minecraft:nether_bricks":36,"minecraft:polished_blackstone_brick_wall":1,"minecraft:blaze_rod":4,"minecraft:coal":18,"minecraft:cobblestone":45},"minecraft:custom":{"minecraft:interact_with_furnace":13,"minecraft:mob_kills":32,"minecraft:interact_with_crafting_table":13,"minecraft:leave_game":2,"minecraft:time_since_death":38242,"minecraft:damage_resisted":147,"minecraft:time_since_rest":37433,"minecraft:sprint_one_cm":182662,"minecraft:damage_taken":5411,"minecraft:walk_one_cm":87320,"minecraft:drop":13,"minecraft:damage_dealt":155,"tombstone:cast_on_ally":0,"minecraft:swim_one_cm":215768,"minecraft:fly_one_cm":622788,"minecraft:open_chest":26,"minecraft:crouch_one_cm":424,"minecraft:play_time":88230,"tombstone:undead_killed":13,"minecraft:deaths":10,"minecraft:sneak_time":592,"minecraft:walk_under_water_one_cm":28063,"minecraft:jump":2114,"minecraft:walk_on_water_one_cm":61154,"minecraft:total_world_time":88230,"minecraft:fall_one_cm":65039},"minecraft:mined":{"minecraft:polished_blackstone_brick_wall":1,"minecraft:gray_stained_glass_pane":2,"minecraft:crafting_table":2,"minecraft:nether_bricks":38,"minecraft:grass_block":4,"minecraft:cobblestone":2,"minecraft:nether_wart":60,"minecraft:spawner":1,"minecraft:furnace":3,"minecraft:iron_ore":24,"minecraft:nether_brick_fence":2,"minecraft:coal_ore":9,"minecraft:oak_log":4,"minecraft:stone":44},"minecraft:killed":{"minecraft:magma_cube":14,"minecraft:pig":1,"doom:spectre":1,"doom:lost_soul":2,"doom:imp":1,"doom:unwilling":3,"doom:shotgunguy":1,"doom:turret":1,"doom:maykr_drone":1,"minecraft:wither_skeleton":2,"doom:gargoyle":1,"minecraft:blaze":4},"minecraft:used":{"tombstone:scroll_of_lightning_resistance":2,"minecraft:water_bucket":19,"minecraft:stone_pickaxe":29,"minecraft:oak_planks":1,"minecraft:wooden_pickaxe":15,"tombstone:scroll_of_true_sight":1,"minecraft:iron_chestplate":1,"minecraft:dirt":3,"minecraft:crafting_table":3,"tombstone:scroll_of_aquatic_life":2,"minecraft:nether_bricks":36,"tombstone:tablet_of_cupidity":1,"minecraft:iron_pickaxe":85,"minecraft:golden_sword":40,"minecraft:cobblestone":29,"minecraft:porkchop":4,"minecraft:furnace":3,"minecraft:cooked_porkchop":21,"minecraft:bucket":20,"tombstone:gift":3,"minecraft:golden_axe":5},"minecraft:crafted":{"minecraft:oak_planks":16,"minecraft:cooked_porkchop":7,"minecraft:crafting_table":2,"minecraft:wooden_pickaxe":1,"minecraft:iron_helmet":1,"minecraft:furnace":1,"minecraft:bucket":1,"minecraft:brewing_stand":1,"minecraft:air":0,"minecraft:iron_boots":1,"minecraft:iron_chestplate":1,"minecraft:stick":8,"minecraft:iron_ingot":25,"minecraft:iron_pickaxe":1,"minecraft:stone_pickaxe":1}},"DataVersion":3465}