{"stats":{"minecraft:used":{"minecraft:stone_sword":59,"minecraft:stone_pickaxe":121,"minecraft:ender_pearl":1,"minecraft:wooden_pickaxe":6,"minecraft:iron_sword":8,"minecraft:netherrack":14,"minecraft:torch":21,"minecraft:dirt":9,"minecraft:crafting_table":5,"minecraft:blast_furnace":1,"minecraft:nether_bricks":2,"tombstone:bag_of_seeds":2,"minecraft:wooden_axe":21,"minecraft:iron_axe":1,"minecraft:iron_pickaxe":230,"tombstone:magic_scroll":1,"skyfall:mysterious_crate":1,"minecraft:stone_axe":7,"minecraft:cobblestone":23,"minecraft:furnace":7,"minecraft:porkchop":10,"minecraft:cooked_porkchop":39,"tombstone:gift":1},"minecraft:mined":{"minecraft:deepslate_redstone_ore":10,"minecraft:blackstone":2,"minecraft:crafting_table":4,"minecraft:torch":1,"minecraft:nether_bricks":2,"minecraft:blast_furnace":1,"minecraft:grass_block":3,"minecraft:copper_ore":26,"minecraft:tall_grass":2,"minecraft:cobblestone":3,"minecraft:lapis_ore":3,"minecraft:deepslate_gold_ore":11,"skyfall:mysterious_crate":2,"minecraft:wall_torch":1,"minecraft:redstone_ore":2,"minecraft:furnace":7,"minecraft:iron_ore":17,"minecraft:fire":1,"minecraft:deepslate_lapis_ore":2,"minecraft:nether_brick_fence":4,"minecraft:oak_log":6,"minecraft:coal_ore":26,"minecraft:deepslate_iron_ore":30,"minecraft:dirt":5,"minecraft:stone":170,"minecraft:oak_leaves":1,"minecraft:deepslate":35},"minecraft:dropped":{"minecraft:stone_axe":1,"minecraft:blackstone":2,"minecraft:wheat_seeds":2,"minecraft:golden_horse_armor":1,"minecraft:nether_brick_fence":4,"minecraft:pumpkin_seeds":6,"minecraft:dirt":1,"minecraft:wooden_axe":1,"minecraft:chest":1,"minecraft:golden_sword":2,"tacz:modern_kinetic_gun":1,"minecraft:wooden_pickaxe":1,"minecraft:stone_pickaxe":1,"doom:soulcube":1},"minecraft:custom":{"minecraft:interact_with_furnace":57,"minecraft:mob_kills":61,"minecraft:interact_with_crafting_table":15,"minecraft:leave_game":1,"minecraft:time_since_death":73367,"minecraft:damage_resisted":50,"minecraft:time_since_rest":73367,"minecraft:waystone_activated":1,"minecraft:sprint_one_cm":456850,"minecraft:damage_taken":4169,"minecraft:walk_one_cm":237986,"minecraft:drop":17,"minecraft:damage_dealt":5368,"tombstone:cast_on_ally":0,"minecraft:swim_one_cm":38700,"minecraft:open_chest":32,"minecraft:fly_one_cm":325035,"minecraft:crouch_one_cm":8876,"minecraft:play_time":73367,"tombstone:undead_killed":31,"minecraft:sneak_time":3889,"minecraft:walk_under_water_one_cm":6903,"minecraft:jump":1355,"minecraft:interact_with_blast_furnace":7,"minecraft:walk_on_water_one_cm":11810,"minecraft:total_world_time":73367,"minecraft:fall_one_cm":35282},"minecraft:killed":{"doom:possessed_scientist":2,"minecraft:piglin":3,"doom:revenant2016":1,"minecraft:pig":22,"doom:spectre":2,"doom:pinky":4,"doom:armoredbaron":1,"doom:possessed_soldier":2,"doom:imp":5,"doom:unwilling":2,"doom:shotgunguy":3,"doom:chaingunner":2,"doom:zombieman":1,"doom:spidermastermind":1,"doom:mechazombie":1,"minecraft:wither_skeleton":1,"doom:tentacle":1,"doom:gargoyle":2,"minecraft:blaze":1},"minecraft:picked_up":{"irons_spellbooks:scroll":1,"minecraft:crafting_table":4,"minecraft:magma_cream":1,"minecraft:nether_brick_fence":4,"doom:shotgun_shells":3,"minecraft:oak_log":6,"minecraft:golden_sword":1,"minecraft:lapis_lazuli":32,"minecraft:dirt":10,"minecraft:raw_copper":91,"tacz:ammo":144,"minecraft:blackstone":2,"minecraft:cobbled_deepslate":33,"minecraft:raw_gold":11,"minecraft:iron_ingot":2,"doom:chaingunbullets":2,"minecraft:chest":1,"minecraft:furnace":7,"minecraft:stick":2,"minecraft:raw_iron":57,"minecraft:cooked_porkchop":33,"minecraft:torch":2,"skyfall:mysterious_crate":2,"minecraft:porkchop":173,"doom:argent_energy":39,"tombstone:grave_dust":3,"minecraft:blast_furnace":1,"minecraft:redstone":52,"doom:bullets":5,"minecraft:bundle":1,"minecraft:nether_bricks":2,"tacz:modern_kinetic_gun":2,"minecraft:blaze_rod":2,"minecraft:coal":52,"minecraft:cobblestone":182},"minecraft:crafted":{"minecraft:oak_planks":24,"minecraft:smooth_stone":6,"minecraft:cooked_porkchop":58,"minecraft:crafting_table":2,"minecraft:wooden_pickaxe":1,"minecraft:furnace":3,"minecraft:blast_furnace":1,"minecraft:stone":6,"minecraft:stone_axe":1,"minecraft:air":0,"minecraft:iron_axe":1,"minecraft:stick":20,"minecraft:iron_ingot":12,"minecraft:iron_pickaxe":2,"minecraft:stone_pickaxe":1,"minecraft:wooden_axe":1,"minecraft:stone_sword":1,"minecraft:torch":24}},"DataVersion":3465}