{"stats":{"minecraft:mined":{"stalwart_dungeons:soul_bricks":26,"minecraft:nether_bricks":12,"minecraft:grass_block":6,"skyfall:mysterious_crate":2,"minecraft:spawner":4,"minecraft:redstone_ore":2,"minecraft:furnace":7,"minecraft:iron_ore":17,"minecraft:fire":1,"minecraft:deepslate_lapis_ore":2,"minecraft:gold_block":16,"minecraft:nether_brick_fence":4,"minecraft:deepslate_iron_ore":30,"stalwart_dungeons:soul_magma_bricks":2,"minecraft:stone":170,"minecraft:deepslate_redstone_ore":10,"minecraft:blackstone":2,"stalwart_dungeons:soul_tiles":5,"minecraft:crafting_table":6,"minecraft:torch":1,"minecraft:blast_furnace":1,"minecraft:tall_grass":3,"minecraft:copper_ore":26,"minecraft:cobblestone":4,"minecraft:deepslate_gold_ore":11,"minecraft:lapis_ore":3,"stalwart_dungeons:tungsten_ore":10,"minecraft:wall_torch":1,"minecraft:coal_ore":26,"minecraft:oak_log":6,"minecraft:dirt":8,"minecraft:netherrack":32,"minecraft:oak_leaves":1,"minecraft:deepslate":35},"minecraft:used":{"minecraft:stone_sword":59,"minecraft:iron_sword":202,"minecraft:netherrack":65,"minecraft:torch":21,"minecraft:dirt":9,"minecraft:nether_bricks":4,"minecraft:wooden_axe":21,"minecraft:iron_axe":3,"minecraft:iron_helmet":1,"skyfall:mysterious_crate":1,"minecraft:golden_carrot":9,"minecraft:furnace":7,"tombstone:gift":1,"minecraft:stone_pickaxe":121,"minecraft:ender_pearl":5,"minecraft:wooden_pickaxe":6,"minecraft:golden_apple":9,"minecraft:crafting_table":8,"minecraft:blast_furnace":3,"tombstone:bag_of_seeds":2,"minecraft:diamond_pickaxe":112,"minecraft:iron_pickaxe":230,"tombstone:magic_scroll":20,"minecraft:stone_axe":7,"minecraft:cobblestone":47,"minecraft:potion":4,"minecraft:cooked_porkchop":53,"minecraft:porkchop":10,"minecraft:diamond_leggings":1},"minecraft:custom":{"minecraft:mob_kills":132,"minecraft:interact_with_crafting_table":27,"minecraft:leave_game":1,"minecraft:time_since_death":109367,"minecraft:damage_resisted":216,"minecraft:sprint_one_cm":743568,"minecraft:walk_one_cm":343454,"minecraft:drop":64,"minecraft:play_time":109367,"minecraft:sneak_time":4592,"minecraft:walk_under_water_one_cm":6984,"minecraft:jump":1927,"minecraft:interact_with_blast_furnace":12,"minecraft:walk_on_water_one_cm":12597,"minecraft:total_world_time":109367,"minecraft:interact_with_furnace":57,"minecraft:time_since_rest":109367,"minecraft:waystone_activated":1,"minecraft:damage_taken":6745,"minecraft:damage_absorbed":360,"minecraft:damage_dealt":17069,"tombstone:cast_on_ally":0,"minecraft:swim_one_cm":58813,"minecraft:fly_one_cm":422774,"minecraft:open_chest":80,"minecraft:crouch_one_cm":11995,"tombstone:undead_killed":40,"minecraft:fall_one_cm":47381},"minecraft:dropped":{"minecraft:crimson_stem":2,"minecraft:wheat_seeds":2,"minecraft:golden_pickaxe":3,"minecraft:glass_bottle":4,"minecraft:golden_horse_armor":1,"minecraft:crafting_table":1,"minecraft:iron_helmet":3,"minecraft:cobblestone":60,"doom:bullets":1,"stalwart_dungeons:soul_bricks":8,"minecraft:dirt":1,"minecraft:wooden_axe":1,"tombstone:grave_dust":1,"irons_spellbooks:arcane_essence":21,"tacz:modern_kinetic_gun":1,"stalwart_dungeons:soul_tiles":3,"minecraft:stone_axe":1,"minecraft:blackstone":2,"minecraft:ancient_debris":3,"doom:argent_energy":42,"minecraft:blaze_rod":19,"minecraft:raw_copper":40,"minecraft:nether_brick":12,"minecraft:beetroot":6,"minecraft:iron_boots":3,"minecraft:nether_brick_fence":4,"minecraft:nether_bricks":2,"minecraft:pumpkin_seeds":6,"minecraft:chest":1,"minecraft:golden_sword":2,"minecraft:stone_pickaxe":1,"minecraft:wooden_pickaxe":1,"doom:soulcube":2},"minecraft:killed":{"doom:possessed_scientist":4,"doom:revenant2016":1,"doom:pinky":4,"doom:possessed_soldier":6,"doom:imp":6,"doom:unwilling":2,"doom:spidermastermind":1,"stalwart_dungeons:nether_wart_cocoon":9,"doom:cueball":1,"minecraft:piglin":3,"minecraft:pig":22,"doom:spectre":3,"stalwart_dungeons:reinforced_blaze":12,"stalwart_dungeons:giddy_blaze":36,"doom:armoredbaron":1,"doom:zombieman":1,"doom:chaingunner":2,"doom:shotgunguy":3,"doom:mechazombie":1,"minecraft:wither_skeleton":1,"doom:gargoyle":2,"doom:tentacle":1,"minecraft:blaze":1},"minecraft:picked_up":{"irons_spellbooks:scroll":1,"minecraft:crafting_table":6,"doom:shotgun_shells":3,"minecraft:nether_brick_fence":4,"minecraft:golden_pickaxe":2,"minecraft:gold_block":15,"minecraft:nether_brick":76,"stalwart_dungeons:soul_bricks":9,"minecraft:golden_sword":1,"minecraft:raw_copper":131,"tacz:ammo":144,"minecraft:blackstone":2,"minecraft:beetroot":3,"irons_spellbooks:arcane_essence":21,"minecraft:cobbled_deepslate":33,"doom:chaingunbullets":2,"minecraft:chest":1,"minecraft:iron_boots":2,"minecraft:furnace":7,"minecraft:stick":2,"minecraft:raw_iron":57,"minecraft:torch":2,"skyfall:mysterious_crate":2,"minecraft:porkchop":173,"tombstone:grave_dust":4,"minecraft:redstone":52,"stalwart_dungeons:raw_tungsten":10,"minecraft:nether_bricks":8,"minecraft:blaze_rod":67,"minecraft:cobblestone":242,"minecraft:magma_cream":1,"minecraft:crimson_stem":3,"minecraft:oak_log":6,"minecraft:ancient_debris":3,"minecraft:lapis_lazuli":32,"minecraft:dirt":10,"stalwart_dungeons:blaze_armor_scrap":11,"minecraft:raw_gold":11,"minecraft:iron_ingot":2,"minecraft:cooked_porkchop":43,"stalwart_dungeons:soul_tiles":4,"doom:argent_energy":83,"minecraft:blast_furnace":1,"doom:bullets":6,"minecraft:bundle":1,"tacz:modern_kinetic_gun":2,"minecraft:iron_helmet":2,"tombstone:magic_scroll":1,"minecraft:netherrack":31,"minecraft:coal":52},"minecraft:broken":{"minecraft:golden_helmet":1,"minecraft:iron_leggings":1},"minecraft:crafted":{"minecraft:smooth_stone":6,"minecraft:oak_planks":24,"stalwart_dungeons:tungsten_leggings":1,"minecraft:furnace":3,"minecraft:blast_furnace":1,"minecraft:stone":6,"stalwart_dungeons:tungsten_helmet":1,"minecraft:diamond_leggings":1,"minecraft:iron_axe":1,"minecraft:stone_pickaxe":1,"stalwart_dungeons:tungsten_boots":1,"stalwart_dungeons:tungsten_ingot":5,"minecraft:red_dye":2,"minecraft:cooked_porkchop":58,"minecraft:crafting_table":2,"minecraft:wooden_pickaxe":1,"minecraft:iron_helmet":1,"minecraft:red_wool":2,"minecraft:stone_axe":1,"minecraft:air":0,"minecraft:white_wool":1,"minecraft:stick":20,"minecraft:iron_ingot":21,"minecraft:iron_pickaxe":2,"minecraft:wooden_axe":1,"minecraft:stone_sword":1,"minecraft:torch":24}},"DataVersion":3465}