{"stats":{"minecraft:used":{"minecraft:iron_sword":333,"minecraft:green_terracotta":3,"minecraft:soul_sand":13,"minecraft:nether_bricks":4,"minecraft:obsidian":10,"minecraft:cyan_terracotta":4,"minecraft:iron_helmet":1,"skyfall:mysterious_crate":1,"minecraft:oak_sapling":2,"minecraft:furnace":8,"relics:researching_table":2,"minecraft:wither_skeleton_skull":3,"minecraft:stone_pickaxe":121,"minecraft:ender_pearl":5,"minecraft:wooden_pickaxe":6,"minecraft:diamond_axe":19,"minecraft:golden_apple":14,"stalwart_dungeons:soul_bricks":24,"minecraft:blast_furnace":7,"minecraft:gray_concrete":1,"minecraft:string":1,"minecraft:gravel":3,"minecraft:smithing_table":2,"minecraft:enchanting_table":2,"minecraft:stone_sword":59,"minecraft:flint_and_steel":46,"tacz:gun_smith_table":1,"minecraft:netherrack":116,"minecraft:torch":21,"minecraft:dirt":14,"minecraft:anvil":3,"minecraft:wooden_axe":21,"minecraft:iron_axe":51,"stalwart_dungeons:soul_magma_bricks":1,"minecraft:crimson_planks":63,"minecraft:golden_carrot":38,"minecraft:soul_soil":2,"tombstone:gift":3,"minecraft:cobbled_deepslate":3,"cataclysm:remnant_skull":1,"minecraft:crimson_stem":1,"minecraft:water_bucket":55,"tombstone:scroll_of_knowledge":1,"tombstone:scroll_of_reach":1,"doom:e1m1_block11":2,"minecraft:lime_terracotta":1,"minecraft:crafting_table":19,"minecraft:red_mushroom":2,"tombstone:bag_of_seeds":2,"minecraft:diamond_pickaxe":1167,"minecraft:iron_pickaxe":230,"tombstone:magic_scroll":21,"stalwart_dungeons:tungsten_sword":960,"minecraft:stone_axe":7,"minecraft:cobblestone":51,"minecraft:potion":4,"minecraft:porkchop":18,"minecraft:cooked_porkchop":166,"minecraft:bucket":55,"minecraft:diamond_leggings":1},"minecraft:crafted":{"minecraft:oak_planks":52,"minecraft:smooth_stone":6,"minecraft:stone":6,"stalwart_dungeons:tungsten_helmet":1,"minecraft:diamond_leggings":1,"minecraft:oak_slab":6,"stalwart_dungeons:tungsten_sword":2,"minecraft:cooked_porkchop":140,"minecraft:diamond_axe":1,"minecraft:crafting_table":3,"minecraft:wooden_pickaxe":1,"minecraft:iron_helmet":1,"minecraft:smithing_table":1,"minecraft:red_wool":2,"minecraft:gold_block":13,"minecraft:stick":68,"minecraft:iron_ingot":88,"minecraft:iron_pickaxe":2,"minecraft:iron_block":13,"minecraft:stone_sword":1,"minecraft:gold_ingot":11,"doom:doom_boots":1,"stalwart_dungeons:tungsten_leggings":2,"minecraft:furnace":3,"minecraft:blast_furnace":1,"minecraft:flint_and_steel":1,"minecraft:iron_axe":1,"relics:researching_table":1,"minecraft:stone_pickaxe":1,"stalwart_dungeons:tungsten_boots":1,"minecraft:netherite_scrap":1,"stalwart_dungeons:tungsten_ingot":53,"minecraft:red_dye":2,"minecraft:crimson_planks":56,"minecraft:enchanting_table":1,"tacz:gun_smith_table":1,"minecraft:bucket":1,"minecraft:stone_axe":1,"minecraft:air":0,"stalwart_dungeons:tungsten_shield":1,"minecraft:white_wool":1,"minecraft:wooden_axe":1,"minecraft:anvil":1,"minecraft:torch":24,"doom:doom_chestplate":1},"minecraft:custom":{"minecraft:interact_with_crafting_table":70,"minecraft:open_barrel":60,"minecraft:leave_game":5,"minecraft:time_since_death":311836,"minecraft:damage_resisted":367,"minecraft:sprint_one_cm":2149357,"minecraft:drop":262,"minecraft:play_time":311836,"tombstone:tomb_raiding":1,"minecraft:jump":5426,"tombstone:kill_undead_boss":2,"minecraft:enchant_item":5,"minecraft:walk_on_water_one_cm":68486,"minecraft:interact_with_furnace":63,"minecraft:waystone_activated":2,"minecraft:damage_dealt":100651,"minecraft:player_kills":2,"minecraft:crouch_one_cm":42175,"tombstone:undead_killed":164,"minecraft:inspect_dispenser":1,"minecraft:interact_with_smithing_table":4,"minecraft:interact_with_anvil":4,"minecraft:mob_kills":326,"minecraft:inspect_hopper":2,"minecraft:damage_dealt_resisted":291,"minecraft:walk_one_cm":904074,"minecraft:damage_dealt_absorbed":3452,"minecraft:sneak_time":11859,"minecraft:walk_under_water_one_cm":100507,"minecraft:interact_with_lectern":1,"minecraft:interact_with_blast_furnace":52,"minecraft:total_world_time":311836,"tombstone:raider_killed":4,"minecraft:time_since_rest":311836,"minecraft:damage_taken":21773,"minecraft:damage_absorbed":777,"tombstone:cast_on_ally":0,"minecraft:swim_one_cm":331117,"minecraft:fly_one_cm":1517484,"minecraft:open_chest":139,"minecraft:fall_one_cm":209282},"minecraft:picked_up":{"irons_spellbooks:scroll":1,"minecraft:nether_brick_fence":4,"minecraft:anvil":3,"doom:shotgun_shells":6,"minecraft:smithing_table":2,"minecraft:enchanted_book":8,"minecraft:nether_brick":207,"minecraft:crimson_planks":23,"minecraft:golden_sword":1,"minecraft:polished_blackstone_brick_stairs":4,"minecraft:string":1,"minecraft:soul_soil":15,"minecraft:raw_copper":195,"minecraft:beetroot":3,"irons_spellbooks:arcane_essence":21,"minecraft:gold_nugget":16,"minecraft:cobbled_deepslate":46,"minecraft:bucket":1,"minecraft:netherite_upgrade_smithing_template":1,"minecraft:smooth_quartz":7,"doom:chaingunbullets":11,"minecraft:coal_block":1,"minecraft:furnace":12,"minecraft:iron_boots":2,"minecraft:stick":21,"minecraft:torch":2,"minecraft:porkchop":347,"tombstone:grave_dust":20,"minecraft:green_terracotta":8,"stalwart_dungeons:soul_magma_bricks":3,"minecraft:rotten_flesh":2,"minecraft:iron_block":4,"minecraft:cyan_terracotta":12,"tombstone:scroll_of_aquatic_life":4,"minecraft:blaze_rod":293,"minecraft:obsidian":4,"minecraft:iron_bars":2,"minecraft:cobblestone":248,"minecraft:enchanting_table":2,"minecraft:magma_block":3,"minecraft:magma_cream":1,"minecraft:iron_door":1,"minecraft:water_bucket":1,"minecraft:flint":1,"minecraft:wither_skeleton_skull":7,"minecraft:gray_concrete":1,"minecraft:lapis_lazuli":32,"minecraft:dirt":106,"tombstone:familiar_receptacle":2,"stalwart_dungeons:blaze_armor_scrap":33,"minecraft:raw_gold":24,"stalwart_dungeons:tungsten_shield":1,"tombstone:scroll_of_reach":1,"tacz:gun_smith_table":1,"minecraft:oak_planks":17,"minecraft:ghast_tear":1,"minecraft:cooked_porkchop":196,"minecraft:lime_terracotta":1,"doom:bullets":14,"minecraft:bundle":2,"relics:researching_table":2,"minecraft:oak_sapling":2,"minecraft:netherrack":755,"relics:space_dissector":1,"minecraft:nether_star":3,"minecraft:crafting_table":17,"minecraft:golden_pickaxe":2,"minecraft:gold_block":25,"stalwart_dungeons:soul_bricks":51,"minecraft:netherite_scrap":4,"doom:daisy":1,"tacz:ammo":180,"minecraft:blackstone":8,"usefulbackpacks:backpack_small":1,"minecraft:chest":1,"minecraft:raw_iron":57,"doom:e1m1_block11":2,"relics:rage_glove":4,"skyfall:mysterious_crate":2,"stalwart_dungeons:tungsten_sword":2,"minecraft:polished_blackstone_bricks":2,"doom:energy_cells":24,"minecraft:redstone":61,"stalwart_dungeons:raw_tungsten":39,"minecraft:nether_bricks":8,"tombstone:essence_of_undeath":1,"minecraft:gold_ingot":22,"minecraft:polished_blackstone":2,"relics:reflection_necklace":1,"minecraft:white_wool":2,"minecraft:stripped_oak_log":3,"minecraft:basalt":12,"doom:argent_bolt":3,"minecraft:crimson_stem":18,"minecraft:leather":18,"minecraft:red_mushroom":14,"minecraft:oak_log":22,"minecraft:ancient_debris":8,"minecraft:gunpowder":1,"tombstone:voodoo_poppet":2,"tombstone:gift":1,"minecraft:red_nether_brick_stairs":2,"minecraft:apple":1,"minecraft:iron_ingot":19,"minecraft:iron_sword":1,"minecraft:soul_sand":8,"relics:bastion_ring":2,"minecraft:oak_slab":10,"minecraft:quartz":10,"minecraft:red_wool":2,"doom:soulcube":2,"minecraft:gravel":3,"doom:inmortalsphere":1,"stalwart_dungeons:soul_tiles":5,"doom:argent_energy":150,"minecraft:amethyst_shard":128,"cataclysm:remnant_skull":1,"minecraft:blast_furnace":7,"cataclysm:ancient_metal_block":1,"tacz:modern_kinetic_gun":2,"minecraft:iron_helmet":2,"minecraft:polished_blackstone_brick_wall":2,"tombstone:magic_scroll":2,"minecraft:coal":52},"minecraft:dropped":{"minecraft:crimson_stem":5,"minecraft:iron_sword":2,"minecraft:porkchop":174,"stalwart_dungeons:soul_magma_bricks":2,"minecraft:oak_log":2,"minecraft:golden_pickaxe":3,"minecraft:glass_bottle":4,"minecraft:nether_star":2,"minecraft:crafting_table":2,"minecraft:cooked_porkchop":32,"minecraft:netherite_upgrade_smithing_template":1,"minecraft:leather":36,"minecraft:red_wool":2,"stalwart_dungeons:tungsten_shield":2,"doom:bullets":8,"minecraft:polished_blackstone_brick_wall":2,"minecraft:cyan_terracotta":3,"minecraft:dirt":93,"minecraft:polished_blackstone_brick_stairs":4,"doom:argent_bolt":3,"irons_spellbooks:arcane_essence":21,"minecraft:gold_nugget":16,"minecraft:polished_blackstone_bricks":2,"doom:energy_cells":24,"stalwart_dungeons:tungsten_sword":3,"minecraft:white_wool":4,"tombstone:familiar_receptacle":1,"minecraft:gold_ingot":32,"relics:rage_glove":2,"minecraft:stone_axe":1,"minecraft:blackstone":8,"minecraft:ancient_debris":3,"doom:argent_energy":52,"tombstone:scroll_of_aquatic_life":2,"stalwart_dungeons:tungsten_leggings":1,"minecraft:cobbled_deepslate":10,"minecraft:nether_brick":143,"minecraft:beetroot":6,"cataclysm:ancient_metal_block":1,"minecraft:rotten_flesh":2,"minecraft:oak_planks":16,"relics:space_dissector":1,"minecraft:nether_brick_fence":4,"minecraft:chest":1,"minecraft:basalt":12,"minecraft:iron_bars":2,"doom:soulcube":6,"minecraft:netherrack":172,"minecraft:enchanted_book":8,"minecraft:water_bucket":1,"minecraft:iron_ingot":16,"minecraft:oak_slab":8,"minecraft:wheat_seeds":2,"minecraft:polished_blackstone":2,"minecraft:golden_horse_armor":1,"minecraft:iron_helmet":3,"minecraft:cobblestone":62,"minecraft:apple":1,"minecraft:stick":15,"doom:chaingunbullets":9,"relics:bastion_ring":1,"stalwart_dungeons:blaze_armor_scrap":4,"irons_spellbooks:scroll":2,"stalwart_dungeons:soul_bricks":26,"minecraft:iron_block":1,"minecraft:wooden_axe":1,"minecraft:smooth_quartz":7,"minecraft:iron_door":1,"tombstone:grave_dust":15,"tacz:modern_kinetic_gun":1,"minecraft:iron_axe":1,"minecraft:bucket":1,"tombstone:voodoo_poppet":1,"stalwart_dungeons:soul_tiles":4,"minecraft:furnace":4,"doom:inmortalsphere":1,"minecraft:soul_soil":9,"minecraft:green_terracotta":5,"minecraft:blaze_rod":186,"minecraft:raw_copper":80,"doom:shotgun_shells":3,"minecraft:wither_skeleton_skull":6,"minecraft:iron_boots":3,"minecraft:nether_bricks":2,"minecraft:pumpkin_seeds":6,"minecraft:red_nether_brick_stairs":2,"minecraft:golden_sword":2,"tombstone:essence_of_undeath":1,"minecraft:wooden_pickaxe":1,"minecraft:stone_pickaxe":1,"minecraft:raw_gold":13,"doom:daisy":2,"minecraft:magma_block":3,"stalwart_dungeons:raw_tungsten":1},"minecraft:broken":{"minecraft:golden_helmet":1,"minecraft:iron_leggings":1,"stalwart_dungeons:tungsten_chestplate":1,"stalwart_dungeons:tungsten_helmet":1,"stalwart_dungeons:tungsten_boots":1},"minecraft:killed":{"doom:possessed_scientist":6,"doom:marauder":1,"minecraft:zombified_piglin":1,"doom:cyberdemon":1,"doom:pinky":7,"doom:possessed_soldier":14,"minecraft:wither":1,"doom:baron":1,"doom:turret":2,"doom:mancubus":1,"doom:cueball":3,"doom:prowler":2,"cataclysm:modern_remnant":1,"doom:arachnotroneternal":1,"doom:baron2016":1,"minecraft:piglin":3,"minecraft:pig":55,"doom:revenant":2,"doom:possessed_worker":3,"stalwart_dungeons:giddy_blaze":38,"cataclysm:ancient_remnant":1,"doom:shotgunguy":6,"doom:zombieman":11,"doom:mechazombie":5,"minecraft:ghast":1,"doom:tentacle":3,"minecraft:blaze":12,"doom:whiplash":2,"doom:cacodemon":6,"doom:revenant2016":4,"minecraft:phantom":4,"doom:imp":15,"doom:unwilling":11,"doom:spidermastermind":1,"stalwart_dungeons:nether_wart_cocoon":12,"doom:maykr_drone":4,"doom:spectre":12,"stalwart_dungeons:reinforced_blaze":29,"doom:armoredbaron":1,"doom:chaingunner":6,"doom:archvile":2,"minecraft:wither_skeleton":6,"doom:gargoyle":10,"doom:doom_hunter":6},"minecraft:mined":{"minecraft:red_nether_bricks":9,"minecraft:obsidian":4,"minecraft:grass_block":7,"minecraft:soul_soil":9,"minecraft:coal_block":1,"tacz:gun_smith_table":1,"minecraft:spawner":7,"minecraft:polished_blackstone_bricks":2,"minecraft:magma_block":3,"minecraft:red_nether_brick_stairs":1,"minecraft:iron_ore":17,"minecraft:cobbled_deepslate":2,"minecraft:fire":16,"minecraft:deepslate_lapis_ore":2,"minecraft:anvil":3,"minecraft:enchanting_table":2,"stalwart_dungeons:soul_magma_bricks":8,"minecraft:iron_bars":2,"minecraft:iron_block":3,"minecraft:tripwire":1,"minecraft:deepslate_redstone_ore":10,"minecraft:cyan_terracotta":18,"minecraft:blackstone":7,"minecraft:crimson_nylium":3,"minecraft:soul_fire":6,"stalwart_dungeons:soul_tiles":6,"minecraft:torch":1,"minecraft:blast_furnace":7,"doom:e1m1_block11":2,"minecraft:nether_quartz_ore":15,"minecraft:cobblestone":4,"minecraft:iron_door":2,"minecraft:wall_torch":1,"minecraft:oak_log":20,"minecraft:lime_terracotta":2,"minecraft:smooth_quartz":10,"minecraft:dirt":9,"minecraft:crimson_planks":23,"minecraft:ancient_debris":5,"minecraft:netherrack":752,"minecraft:oak_leaves":51,"minecraft:deepslate":45,"minecraft:nether_gold_ore":6,"stalwart_dungeons:soul_bricks":83,"minecraft:blackstone_wall":1,"minecraft:nether_bricks":28,"minecraft:red_sandstone_stairs":1,"minecraft:red_mushroom":14,"skyfall:mysterious_crate":2,"minecraft:crimson_stem":13,"minecraft:redstone_ore":2,"minecraft:furnace":8,"minecraft:green_terracotta":8,"minecraft:gold_block":26,"minecraft:nether_brick_fence":9,"minecraft:deepslate_iron_ore":30,"minecraft:stripped_oak_log":3,"minecraft:stone":200,"minecraft:smithing_table":2,"minecraft:gray_concrete":2,"minecraft:soul_sand":8,"minecraft:basalt":34,"relics:researching_table":2,"minecraft:polished_blackstone_brick_wall":2,"minecraft:crafting_table":17,"minecraft:tall_grass":10,"minecraft:copper_ore":26,"minecraft:lapis_ore":3,"minecraft:deepslate_gold_ore":12,"minecraft:polished_blackstone_brick_stairs":2,"stalwart_dungeons:tungsten_ore":39,"minecraft:coal_ore":26,"minecraft:gravel":4,"minecraft:cobweb":2,"minecraft:polished_blackstone":3,"minecraft:crimson_hyphae":2}},"DataVersion":3465}