{"stats":{"minecraft:broken":{"minecraft:golden_helmet":1,"minecraft:iron_leggings":1,"stalwart_dungeons:tungsten_helmet":1},"minecraft:custom":{"minecraft:interact_with_crafting_table":47,"minecraft:open_barrel":60,"minecraft:leave_game":3,"minecraft:time_since_death":251228,"minecraft:damage_resisted":363,"minecraft:sprint_one_cm":1683322,"minecraft:drop":205,"minecraft:play_time":251228,"tombstone:tomb_raiding":1,"minecraft:jump":4853,"tombstone:kill_undead_boss":2,"minecraft:walk_on_water_one_cm":49613,"minecraft:enchant_item":5,"minecraft:interact_with_furnace":58,"minecraft:waystone_activated":2,"minecraft:damage_dealt":86523,"minecraft:player_kills":2,"minecraft:crouch_one_cm":35427,"tombstone:undead_killed":145,"minecraft:inspect_dispenser":1,"minecraft:mob_kills":273,"minecraft:interact_with_anvil":3,"minecraft:inspect_hopper":2,"minecraft:damage_dealt_resisted":291,"minecraft:walk_one_cm":744558,"minecraft:damage_dealt_absorbed":3452,"minecraft:sneak_time":9952,"minecraft:walk_under_water_one_cm":55488,"minecraft:interact_with_lectern":1,"minecraft:interact_with_blast_furnace":40,"minecraft:total_world_time":251228,"tombstone:raider_killed":1,"minecraft:time_since_rest":251228,"minecraft:damage_taken":17282,"minecraft:damage_absorbed":777,"tombstone:cast_on_ally":0,"minecraft:swim_one_cm":228462,"minecraft:fly_one_cm":1236194,"minecraft:open_chest":121,"minecraft:fall_one_cm":176921},"minecraft:crafted":{"minecraft:oak_planks":44,"minecraft:smooth_stone":6,"minecraft:stone":6,"stalwart_dungeons:tungsten_helmet":1,"minecraft:diamond_leggings":1,"minecraft:oak_slab":6,"stalwart_dungeons:tungsten_sword":2,"minecraft:cooked_porkchop":120,"minecraft:crafting_table":3,"minecraft:wooden_pickaxe":1,"minecraft:iron_helmet":1,"minecraft:red_wool":2,"minecraft:gold_block":12,"minecraft:stick":60,"minecraft:iron_pickaxe":2,"minecraft:iron_ingot":48,"minecraft:iron_block":3,"minecraft:stone_sword":1,"minecraft:gold_ingot":11,"stalwart_dungeons:tungsten_leggings":2,"minecraft:furnace":3,"minecraft:blast_furnace":1,"minecraft:iron_axe":1,"relics:researching_table":1,"minecraft:stone_pickaxe":1,"stalwart_dungeons:tungsten_boots":1,"stalwart_dungeons:tungsten_ingot":53,"minecraft:red_dye":2,"minecraft:crimson_planks":56,"minecraft:enchanting_table":1,"minecraft:bucket":1,"minecraft:stone_axe":1,"minecraft:air":0,"stalwart_dungeons:tungsten_shield":1,"minecraft:white_wool":1,"minecraft:wooden_axe":1,"minecraft:anvil":1,"minecraft:torch":24},"minecraft:killed":{"doom:possessed_scientist":6,"doom:marauder":1,"doom:cyberdemon":1,"doom:pinky":7,"doom:possessed_soldier":13,"minecraft:wither":1,"doom:baron":1,"doom:turret":1,"doom:mancubus":1,"doom:cueball":1,"doom:prowler":2,"cataclysm:modern_remnant":1,"doom:arachnotroneternal":1,"doom:baron2016":1,"minecraft:piglin":3,"minecraft:pig":23,"doom:revenant":2,"doom:possessed_worker":2,"stalwart_dungeons:giddy_blaze":38,"cataclysm:ancient_remnant":1,"doom:shotgunguy":6,"doom:zombieman":10,"doom:mechazombie":4,"minecraft:ghast":1,"doom:tentacle":3,"minecraft:blaze":11,"doom:whiplash":1,"doom:cacodemon":6,"doom:revenant2016":4,"doom:imp":13,"doom:unwilling":10,"minecraft:phantom":1,"doom:spidermastermind":1,"stalwart_dungeons:nether_wart_cocoon":11,"doom:maykr_drone":4,"doom:spectre":11,"stalwart_dungeons:reinforced_blaze":29,"doom:armoredbaron":1,"doom:chaingunner":5,"doom:archvile":2,"minecraft:wither_skeleton":6,"doom:gargoyle":10,"doom:doom_hunter":4},"minecraft:used":{"minecraft:iron_sword":333,"minecraft:green_terracotta":3,"minecraft:soul_sand":13,"minecraft:nether_bricks":4,"minecraft:cyan_terracotta":4,"minecraft:iron_helmet":1,"skyfall:mysterious_crate":1,"minecraft:furnace":7,"relics:researching_table":1,"minecraft:wither_skeleton_skull":3,"minecraft:stone_pickaxe":121,"minecraft:ender_pearl":5,"minecraft:wooden_pickaxe":6,"minecraft:golden_apple":14,"stalwart_dungeons:soul_bricks":24,"minecraft:blast_furnace":5,"minecraft:gray_concrete":1,"minecraft:string":1,"minecraft:enchanting_table":1,"minecraft:stone_sword":59,"minecraft:netherrack":97,"minecraft:torch":21,"minecraft:dirt":14,"minecraft:anvil":1,"minecraft:wooden_axe":21,"minecraft:iron_axe":51,"stalwart_dungeons:soul_magma_bricks":1,"minecraft:crimson_planks":63,"minecraft:golden_carrot":38,"minecraft:soul_soil":2,"tombstone:gift":3,"cataclysm:remnant_skull":1,"minecraft:crimson_stem":1,"minecraft:water_bucket":3,"tombstone:scroll_of_knowledge":1,"tombstone:scroll_of_reach":1,"doom:e1m1_block11":2,"minecraft:lime_terracotta":1,"minecraft:crafting_table":15,"minecraft:red_mushroom":2,"tombstone:bag_of_seeds":2,"minecraft:diamond_pickaxe":453,"minecraft:iron_pickaxe":230,"tombstone:magic_scroll":21,"stalwart_dungeons:tungsten_sword":744,"minecraft:stone_axe":7,"minecraft:cobblestone":48,"minecraft:potion":4,"minecraft:porkchop":18,"minecraft:cooked_porkchop":122,"minecraft:bucket":4,"minecraft:diamond_leggings":1},"minecraft:picked_up":{"irons_spellbooks:scroll":1,"minecraft:nether_brick_fence":4,"minecraft:anvil":1,"doom:shotgun_shells":6,"minecraft:enchanted_book":8,"minecraft:nether_brick":207,"minecraft:crimson_planks":23,"minecraft:golden_sword":1,"minecraft:polished_blackstone_brick_stairs":4,"minecraft:string":1,"minecraft:soul_soil":15,"minecraft:raw_copper":195,"minecraft:beetroot":3,"irons_spellbooks:arcane_essence":21,"minecraft:cobbled_deepslate":33,"minecraft:netherite_upgrade_smithing_template":1,"doom:chaingunbullets":10,"minecraft:coal_block":1,"minecraft:furnace":10,"minecraft:iron_boots":2,"minecraft:stick":18,"minecraft:torch":2,"minecraft:porkchop":185,"tombstone:grave_dust":15,"minecraft:green_terracotta":8,"stalwart_dungeons:soul_magma_bricks":3,"minecraft:rotten_flesh":2,"minecraft:iron_block":4,"minecraft:cyan_terracotta":12,"tombstone:scroll_of_aquatic_life":4,"minecraft:blaze_rod":171,"minecraft:obsidian":4,"minecraft:iron_bars":2,"minecraft:cobblestone":243,"minecraft:enchanting_table":1,"minecraft:magma_cream":1,"minecraft:iron_door":1,"minecraft:water_bucket":1,"minecraft:wither_skeleton_skull":7,"minecraft:gray_concrete":1,"minecraft:lapis_lazuli":32,"minecraft:dirt":106,"tombstone:familiar_receptacle":2,"stalwart_dungeons:blaze_armor_scrap":33,"minecraft:raw_gold":22,"stalwart_dungeons:tungsten_shield":1,"tombstone:scroll_of_reach":1,"minecraft:oak_planks":17,"minecraft:ghast_tear":1,"minecraft:cooked_porkchop":67,"minecraft:lime_terracotta":1,"doom:bullets":11,"minecraft:bundle":2,"relics:researching_table":1,"minecraft:netherrack":113,"relics:space_dissector":1,"minecraft:nether_star":3,"minecraft:crafting_table":12,"minecraft:golden_pickaxe":2,"minecraft:gold_block":25,"stalwart_dungeons:soul_bricks":51,"tacz:ammo":180,"minecraft:blackstone":8,"minecraft:chest":1,"minecraft:raw_iron":57,"doom:e1m1_block11":2,"relics:rage_glove":1,"skyfall:mysterious_crate":2,"stalwart_dungeons:tungsten_sword":2,"minecraft:polished_blackstone_bricks":2,"doom:energy_cells":20,"minecraft:redstone":61,"stalwart_dungeons:raw_tungsten":39,"minecraft:nether_bricks":8,"tombstone:essence_of_undeath":1,"minecraft:gold_ingot":1,"minecraft:polished_blackstone":2,"relics:reflection_necklace":1,"minecraft:basalt":12,"doom:argent_bolt":3,"minecraft:crimson_stem":18,"minecraft:leather":18,"minecraft:red_mushroom":14,"minecraft:oak_log":12,"minecraft:ancient_debris":3,"minecraft:gunpowder":1,"tombstone:voodoo_poppet":2,"tombstone:gift":1,"minecraft:red_nether_brick_stairs":2,"minecraft:apple":1,"minecraft:iron_ingot":9,"minecraft:iron_sword":1,"minecraft:soul_sand":8,"relics:bastion_ring":2,"minecraft:oak_slab":10,"minecraft:red_wool":2,"stalwart_dungeons:soul_tiles":5,"doom:argent_energy":138,"cataclysm:remnant_skull":1,"minecraft:blast_furnace":5,"cataclysm:ancient_metal_block":1,"tacz:modern_kinetic_gun":2,"minecraft:iron_helmet":2,"minecraft:polished_blackstone_brick_wall":2,"tombstone:magic_scroll":2,"minecraft:coal":52},"minecraft:mined":{"minecraft:red_nether_bricks":9,"minecraft:obsidian":4,"minecraft:grass_block":7,"minecraft:soul_soil":9,"minecraft:coal_block":1,"minecraft:spawner":7,"minecraft:polished_blackstone_bricks":2,"minecraft:red_nether_brick_stairs":1,"minecraft:iron_ore":17,"minecraft:fire":13,"minecraft:deepslate_lapis_ore":2,"minecraft:anvil":1,"minecraft:enchanting_table":1,"stalwart_dungeons:soul_magma_bricks":8,"minecraft:iron_bars":2,"minecraft:iron_block":3,"minecraft:tripwire":1,"minecraft:deepslate_redstone_ore":10,"minecraft:cyan_terracotta":18,"minecraft:blackstone":7,"minecraft:soul_fire":6,"stalwart_dungeons:soul_tiles":6,"minecraft:torch":1,"minecraft:blast_furnace":5,"doom:e1m1_block11":2,"minecraft:cobblestone":4,"minecraft:iron_door":2,"minecraft:wall_torch":1,"minecraft:oak_log":11,"minecraft:lime_terracotta":2,"minecraft:dirt":9,"minecraft:crimson_planks":23,"minecraft:netherrack":110,"minecraft:oak_leaves":1,"minecraft:deepslate":35,"minecraft:nether_gold_ore":1,"stalwart_dungeons:soul_bricks":83,"minecraft:blackstone_wall":1,"minecraft:nether_bricks":28,"minecraft:red_sandstone_stairs":1,"minecraft:red_mushroom":14,"skyfall:mysterious_crate":2,"minecraft:crimson_stem":13,"minecraft:redstone_ore":2,"minecraft:furnace":7,"minecraft:green_terracotta":8,"minecraft:gold_block":26,"minecraft:nether_brick_fence":6,"minecraft:deepslate_iron_ore":30,"minecraft:stone":193,"minecraft:gray_concrete":2,"minecraft:soul_sand":8,"minecraft:basalt":34,"relics:researching_table":1,"minecraft:polished_blackstone_brick_wall":2,"minecraft:crafting_table":12,"minecraft:tall_grass":10,"minecraft:copper_ore":26,"minecraft:lapis_ore":3,"minecraft:deepslate_gold_ore":11,"minecraft:polished_blackstone_brick_stairs":2,"stalwart_dungeons:tungsten_ore":39,"minecraft:coal_ore":26,"minecraft:cobweb":2,"minecraft:polished_blackstone":3,"minecraft:crimson_hyphae":2},"minecraft:dropped":{"minecraft:crimson_stem":5,"minecraft:iron_sword":2,"minecraft:porkchop":12,"stalwart_dungeons:soul_magma_bricks":2,"minecraft:oak_log":1,"minecraft:golden_pickaxe":3,"minecraft:glass_bottle":4,"minecraft:nether_star":2,"minecraft:crafting_table":2,"minecraft:cooked_porkchop":32,"minecraft:netherite_upgrade_smithing_template":1,"minecraft:leather":36,"minecraft:red_wool":2,"stalwart_dungeons:tungsten_shield":2,"minecraft:polished_blackstone_brick_wall":2,"doom:bullets":5,"minecraft:cyan_terracotta":3,"minecraft:dirt":93,"minecraft:polished_blackstone_brick_stairs":4,"doom:argent_bolt":3,"irons_spellbooks:arcane_essence":21,"minecraft:polished_blackstone_bricks":2,"doom:energy_cells":20,"stalwart_dungeons:tungsten_sword":3,"tombstone:familiar_receptacle":1,"minecraft:gold_ingot":5,"relics:rage_glove":1,"minecraft:stone_axe":1,"minecraft:blackstone":8,"minecraft:ancient_debris":3,"doom:argent_energy":50,"tombstone:scroll_of_aquatic_life":2,"stalwart_dungeons:tungsten_leggings":1,"minecraft:nether_brick":143,"minecraft:beetroot":6,"cataclysm:ancient_metal_block":1,"minecraft:rotten_flesh":2,"minecraft:oak_planks":16,"relics:space_dissector":1,"minecraft:nether_brick_fence":4,"minecraft:chest":1,"minecraft:basalt":12,"minecraft:iron_bars":2,"doom:soulcube":3,"minecraft:netherrack":22,"minecraft:enchanted_book":8,"minecraft:water_bucket":1,"minecraft:iron_ingot":1,"minecraft:oak_slab":8,"minecraft:wheat_seeds":2,"minecraft:polished_blackstone":2,"minecraft:golden_horse_armor":1,"minecraft:iron_helmet":3,"minecraft:cobblestone":60,"minecraft:apple":1,"minecraft:stick":15,"doom:chaingunbullets":8,"relics:bastion_ring":1,"stalwart_dungeons:blaze_armor_scrap":4,"stalwart_dungeons:soul_bricks":26,"minecraft:iron_block":1,"minecraft:wooden_axe":1,"minecraft:iron_door":1,"tombstone:grave_dust":10,"tacz:modern_kinetic_gun":1,"minecraft:iron_axe":1,"tombstone:voodoo_poppet":1,"stalwart_dungeons:soul_tiles":4,"minecraft:furnace":3,"minecraft:soul_soil":9,"minecraft:green_terracotta":5,"minecraft:blaze_rod":62,"minecraft:raw_copper":80,"doom:shotgun_shells":3,"minecraft:wither_skeleton_skull":6,"minecraft:iron_boots":3,"minecraft:nether_bricks":2,"minecraft:pumpkin_seeds":6,"minecraft:red_nether_brick_stairs":2,"minecraft:golden_sword":2,"tombstone:essence_of_undeath":1,"minecraft:stone_pickaxe":1,"minecraft:wooden_pickaxe":1,"minecraft:raw_gold":11,"stalwart_dungeons:raw_tungsten":1}},"DataVersion":3465}