{"stats":{"minecraft:used":{"doom:argent_sword":193,"minecraft:iron_sword":333,"doom:argent_pickaxe":599,"minecraft:green_terracotta":3,"minecraft:soul_sand":13,"minecraft:nether_bricks":4,"minecraft:obsidian":10,"cataclysm:infernal_forge":28,"minecraft:cyan_terracotta":4,"minecraft:iron_helmet":1,"skyfall:mysterious_crate":1,"doom:argent_paxel":1878,"minecraft:oak_sapling":2,"minecraft:furnace":8,"relics:researching_table":5,"minecraft:wither_skeleton_skull":3,"minecraft:stone_pickaxe":121,"doom:argent_lamp_block":1,"minecraft:ender_pearl":5,"minecraft:wooden_pickaxe":6,"minecraft:diamond_axe":22,"minecraft:golden_apple":14,"stalwart_dungeons:soul_bricks":24,"minecraft:blast_furnace":15,"minecraft:gray_concrete":1,"minecraft:string":1,"minecraft:gravel":3,"minecraft:smithing_table":4,"minecraft:enchanting_table":2,"minecraft:stone_sword":59,"minecraft:flint_and_steel":49,"tacz:gun_smith_table":3,"minecraft:netherrack":161,"minecraft:torch":21,"minecraft:dirt":14,"minecraft:anvil":3,"minecraft:wooden_axe":21,"doom:jump_pad":1,"minecraft:iron_axe":51,"stalwart_dungeons:soul_magma_bricks":1,"minecraft:crimson_planks":63,"minecraft:golden_carrot":38,"minecraft:soul_soil":2,"tombstone:gift":3,"minecraft:cobbled_deepslate":25,"cataclysm:remnant_skull":1,"minecraft:crimson_stem":1,"minecraft:water_bucket":154,"tombstone:scroll_of_knowledge":2,"tombstone:scroll_of_reach":1,"doom:e1m1_block11":2,"minecraft:deepslate_bricks":2,"minecraft:lime_terracotta":1,"minecraft:crafting_table":24,"minecraft:red_mushroom":2,"tombstone:bag_of_seeds":2,"minecraft:diamond_pickaxe":1309,"tombstone:tablet_of_assistance":4,"minecraft:iron_pickaxe":230,"tombstone:magic_scroll":22,"stalwart_dungeons:tungsten_sword":960,"cataclysm:athame":3,"minecraft:stone_axe":7,"minecraft:porkchop":18,"minecraft:cobblestone":206,"minecraft:potion":4,"minecraft:cooked_porkchop":272,"minecraft:bucket":154,"minecraft:diamond_leggings":1,"irons_spellbooks:arcane_anvil":4,"tombstone:scroll_of_unstable_intangibility":1},"minecraft:crafted":{"minecraft:oak_planks":52,"minecraft:smooth_stone":6,"minecraft:stone":6,"stalwart_dungeons:tungsten_helmet":1,"minecraft:diamond_leggings":1,"minecraft:oak_slab":6,"stalwart_dungeons:tungsten_sword":2,"minecraft:cooked_porkchop":140,"minecraft:diamond_axe":1,"minecraft:crafting_table":3,"minecraft:wooden_pickaxe":1,"minecraft:iron_helmet":1,"minecraft:smithing_table":1,"minecraft:red_wool":2,"minecraft:copper_ingot":64,"minecraft:gold_block":13,"irons_spellbooks:arcane_anvil":1,"minecraft:stick":68,"minecraft:iron_ingot":160,"minecraft:iron_pickaxe":2,"minecraft:iron_block":18,"minecraft:stone_sword":1,"minecraft:gold_ingot":11,"doom:doom_boots":1,"doom:classic_doom_leggings":1,"doom:doom_helmet":1,"doom:argent_shovel":1,"stalwart_dungeons:tungsten_leggings":2,"doom:argent_axe":1,"doom:maykr_doom_boots":1,"minecraft:furnace":3,"minecraft:blast_furnace":1,"doom:argent_sword":1,"minecraft:flint_and_steel":1,"doom:argent_pickaxe":1,"minecraft:polished_deepslate":4,"minecraft:iron_axe":1,"relics:researching_table":1,"minecraft:stone_pickaxe":1,"stalwart_dungeons:tungsten_boots":1,"minecraft:netherite_scrap":18,"doom:argent_paxel":1,"stalwart_dungeons:tungsten_ingot":53,"minecraft:red_dye":2,"minecraft:crimson_planks":56,"minecraft:enchanting_table":1,"tacz:gun_smith_table":1,"minecraft:bucket":1,"minecraft:stone_axe":1,"minecraft:amethyst_block":3,"minecraft:air":0,"doom:maykr_doom_helmet":1,"stalwart_dungeons:tungsten_shield":1,"minecraft:white_wool":1,"minecraft:wooden_axe":1,"doom:maykr_doom_chestplate":1,"minecraft:anvil":1,"minecraft:torch":24,"doom:doom_chestplate":1},"minecraft:custom":{"minecraft:interact_with_crafting_table":84,"minecraft:open_barrel":60,"minecraft:leave_game":9,"minecraft:time_since_death":454974,"minecraft:damage_resisted":3514,"minecraft:sprint_one_cm":3880468,"minecraft:drop":430,"minecraft:play_time":454974,"tombstone:tomb_raiding":1,"minecraft:jump":6669,"tombstone:kill_undead_boss":2,"minecraft:enchant_item":5,"minecraft:walk_on_water_one_cm":101307,"minecraft:interact_with_furnace":63,"minecraft:waystone_activated":2,"minecraft:damage_dealt":173441,"minecraft:player_kills":2,"minecraft:crouch_one_cm":50228,"tombstone:undead_killed":273,"minecraft:horse_one_cm":23713,"minecraft:inspect_dispenser":1,"minecraft:interact_with_smithing_table":7,"minecraft:interact_with_anvil":12,"minecraft:mob_kills":453,"minecraft:inspect_hopper":2,"minecraft:damage_dealt_resisted":1556,"minecraft:walk_one_cm":1320203,"minecraft:damage_dealt_absorbed":3452,"minecraft:sneak_time":14202,"minecraft:walk_under_water_one_cm":145351,"minecraft:interact_with_lectern":1,"minecraft:interact_with_blast_furnace":84,"minecraft:total_world_time":454974,"tombstone:raider_killed":4,"minecraft:time_since_rest":454974,"minecraft:damage_taken":35531,"minecraft:damage_absorbed":957,"tombstone:cast_on_ally":0,"minecraft:swim_one_cm":488367,"minecraft:fly_one_cm":2271031,"minecraft:open_chest":230,"minecraft:fall_one_cm":371456},"minecraft:picked_up":{"irons_spellbooks:scroll":3,"irons_spellbooks:arcane_anvil":5,"minecraft:black_carpet":12,"cataclysm:monstrous_horn":2,"minecraft:nether_brick_fence":14,"minecraft:anvil":4,"doom:shotgun_shells":7,"minecraft:smithing_table":5,"minecraft:enchanted_book":8,"minecraft:nether_brick":207,"doom:argent_plate":3,"minecraft:crimson_planks":23,"minecraft:golden_sword":1,"minecraft:polished_deepslate":2,"minecraft:polished_blackstone_brick_stairs":6,"minecraft:string":1,"minecraft:soul_soil":16,"minecraft:raw_copper":203,"minecraft:beetroot":3,"irons_spellbooks:arcane_essence":21,"minecraft:gold_nugget":16,"minecraft:cobbled_deepslate":214,"minecraft:bucket":1,"minecraft:netherite_upgrade_smithing_template":2,"minecraft:smooth_quartz":7,"irons_spellbooks:blank_rune":6,"doom:chaingunbullets":14,"minecraft:coal_block":1,"relics:blazing_flask":2,"minecraft:iron_boots":2,"minecraft:furnace":13,"minecraft:polished_blackstone_brick_slab":32,"minecraft:stick":21,"minecraft:polished_blackstone_stairs":3,"minecraft:torch":2,"minecraft:porkchop":386,"tombstone:grave_dust":41,"minecraft:deepslate_tile_stairs":1,"minecraft:green_terracotta":8,"stalwart_dungeons:soul_magma_bricks":3,"minecraft:rotten_flesh":3,"cataclysm:athame":2,"minecraft:iron_block":12,"minecraft:cyan_terracotta":12,"tombstone:scroll_of_aquatic_life":4,"minecraft:blaze_rod":427,"minecraft:obsidian":12,"minecraft:iron_bars":3,"minecraft:cobblestone":514,"doom:jump_pad":1,"minecraft:enchanting_table":3,"minecraft:magma_block":3,"minecraft:magma_cream":2,"minecraft:iron_door":1,"minecraft:water_bucket":1,"minecraft:flint":1,"minecraft:wither_skeleton_skull":8,"stalwart_dungeons:awful_gun":1,"minecraft:gray_concrete":1,"minecraft:lapis_lazuli":32,"minecraft:dirt":135,"tombstone:familiar_receptacle":2,"stalwart_dungeons:blaze_armor_scrap":34,"minecraft:bone":6,"minecraft:wheat_seeds":1,"minecraft:raw_gold":24,"stalwart_dungeons:tungsten_shield":1,"tombstone:scroll_of_reach":1,"tacz:gun_smith_table":3,"minecraft:oak_planks":17,"minecraft:ghast_tear":23,"minecraft:cooked_porkchop":203,"minecraft:lime_terracotta":1,"doom:bullets":16,"minecraft:bundle":4,"minecraft:diamond":3,"doom:argent_lamp_block":1,"relics:researching_table":7,"minecraft:oak_sapling":2,"minecraft:netherrack":1887,"minecraft:dark_oak_fence":1,"relics:space_dissector":1,"minecraft:nether_star":3,"minecraft:crimson_roots":1,"minecraft:crafting_table":22,"minecraft:golden_pickaxe":2,"minecraft:gold_block":25,"stalwart_dungeons:soul_bricks":52,"minecraft:netherite_scrap":4,"doom:daisy":1,"tacz:ammo":420,"minecraft:polished_blackstone_wall":2,"minecraft:blackstone":8,"usefulbackpacks:backpack_small":1,"minecraft:chest":1,"minecraft:raw_iron":57,"relics:magma_walker":1,"doom:e1m1_block11":2,"relics:rage_glove":6,"skyfall:mysterious_crate":2,"stalwart_dungeons:tungsten_sword":3,"minecraft:polished_blackstone_bricks":4,"doom:energy_cells":24,"minecraft:redstone":61,"minecraft:dark_oak_planks":2,"cataclysm:dying_ember":2,"stalwart_dungeons:raw_tungsten":39,"minecraft:nether_bricks":12,"doom:e1m1_block18":2,"minecraft:deepslate_bricks":21,"artifacts:running_shoes":1,"minecraft:cracked_deepslate_bricks":3,"minecraft:gold_ingot":29,"tombstone:essence_of_undeath":1,"minecraft:polished_blackstone":2,"relics:reflection_necklace":1,"minecraft:white_wool":2,"minecraft:stripped_oak_log":3,"minecraft:basalt":12,"doom:argent_bolt":5,"minecraft:crimson_stem":18,"cataclysm:ignitium_ingot":9,"minecraft:leather":18,"minecraft:red_mushroom":14,"minecraft:oak_log":22,"minecraft:ancient_debris":20,"minecraft:gunpowder":1,"tombstone:voodoo_poppet":2,"tombstone:gift":1,"minecraft:red_nether_brick_stairs":2,"cataclysm:infernal_forge":1,"minecraft:apple":4,"minecraft:iron_ingot":25,"minecraft:iron_sword":1,"minecraft:soul_sand":13,"relics:bastion_ring":2,"minecraft:oak_slab":10,"minecraft:quartz":25,"minecraft:red_wool":2,"doom:soulcube":3,"minecraft:gravel":3,"doom:inmortalsphere":1,"stalwart_dungeons:soul_tiles":5,"doom:argent_energy":207,"minecraft:amethyst_shard":128,"cataclysm:remnant_skull":1,"minecraft:blast_furnace":19,"cataclysm:ancient_metal_block":1,"tacz:modern_kinetic_gun":3,"minecraft:iron_helmet":2,"minecraft:diamond_axe":1,"minecraft:polished_blackstone_brick_wall":2,"tombstone:magic_scroll":4,"minecraft:coal":54},"minecraft:dropped":{"minecraft:crimson_stem":5,"minecraft:iron_sword":2,"minecraft:porkchop":214,"stalwart_dungeons:soul_magma_bricks":2,"minecraft:diamond_axe":2,"minecraft:oak_log":2,"minecraft:golden_pickaxe":3,"minecraft:glass_bottle":4,"minecraft:nether_star":2,"minecraft:crafting_table":2,"minecraft:cooked_porkchop":32,"minecraft:netherite_upgrade_smithing_template":2,"minecraft:leather":36,"minecraft:red_wool":2,"stalwart_dungeons:tungsten_shield":2,"doom:bullets":10,"minecraft:polished_blackstone_brick_wall":2,"doom:e1m1_block18":2,"minecraft:deepslate_tile_stairs":1,"minecraft:cyan_terracotta":3,"minecraft:dirt":118,"minecraft:polished_blackstone_brick_stairs":6,"doom:argent_bolt":5,"irons_spellbooks:arcane_essence":85,"minecraft:gold_nugget":16,"minecraft:amethyst_shard":52,"minecraft:polished_blackstone_bricks":4,"doom:energy_cells":24,"stalwart_dungeons:tungsten_sword":5,"tombstone:familiar_receptacle":1,"minecraft:white_wool":4,"relics:rage_glove":2,"minecraft:gold_ingot":47,"minecraft:bone":6,"minecraft:polished_blackstone_wall":2,"minecraft:stone_axe":1,"minecraft:blackstone":8,"minecraft:ancient_debris":3,"irons_spellbooks:blank_rune":12,"doom:argent_energy":58,"tombstone:scroll_of_aquatic_life":2,"stalwart_dungeons:tungsten_leggings":2,"minecraft:cobbled_deepslate":104,"minecraft:black_carpet":5,"minecraft:nether_brick":207,"minecraft:obsidian":8,"minecraft:beetroot":6,"cataclysm:ancient_metal_block":1,"minecraft:rotten_flesh":3,"minecraft:oak_planks":16,"relics:space_dissector":1,"minecraft:nether_brick_fence":10,"minecraft:chest":1,"minecraft:basalt":12,"minecraft:iron_bars":3,"doom:soulcube":7,"minecraft:ghast_tear":1,"minecraft:quartz":22,"minecraft:netherrack":1787,"minecraft:enchanting_table":1,"irons_spellbooks:arcane_anvil":1,"minecraft:water_bucket":1,"minecraft:enchanted_book":9,"minecraft:iron_ingot":26,"minecraft:oak_slab":8,"minecraft:wheat_seeds":3,"minecraft:polished_blackstone":2,"minecraft:smithing_table":1,"minecraft:golden_horse_armor":1,"cataclysm:athame":2,"minecraft:iron_helmet":3,"minecraft:cobblestone":103,"minecraft:apple":4,"minecraft:stick":15,"minecraft:polished_blackstone_stairs":3,"doom:chaingunbullets":12,"stalwart_dungeons:blaze_armor_scrap":5,"relics:bastion_ring":1,"irons_spellbooks:scroll":6,"stalwart_dungeons:soul_bricks":26,"minecraft:iron_block":9,"minecraft:wooden_axe":1,"minecraft:smooth_quartz":7,"minecraft:iron_door":1,"doom:argent_plate":3,"tombstone:grave_dust":30,"tacz:modern_kinetic_gun":1,"minecraft:polished_blackstone_brick_slab":32,"minecraft:iron_axe":1,"relics:researching_table":2,"minecraft:bucket":1,"tombstone:voodoo_poppet":1,"stalwart_dungeons:soul_tiles":4,"minecraft:polished_deepslate":4,"minecraft:furnace":5,"minecraft:anvil":1,"doom:inmortalsphere":1,"minecraft:soul_soil":9,"minecraft:green_terracotta":5,"cataclysm:ignitium_ingot":3,"minecraft:blaze_rod":206,"minecraft:raw_copper":88,"doom:shotgun_shells":3,"minecraft:wither_skeleton_skull":6,"minecraft:iron_boots":3,"minecraft:nether_bricks":5,"relics:blazing_flask":2,"minecraft:pumpkin_seeds":6,"minecraft:blast_furnace":4,"minecraft:flint_and_steel":1,"minecraft:red_nether_brick_stairs":2,"minecraft:deepslate_bricks":18,"artifacts:running_shoes":2,"minecraft:golden_sword":2,"tombstone:essence_of_undeath":1,"artifacts:cross_necklace":1,"minecraft:wooden_pickaxe":1,"minecraft:stone_pickaxe":1,"minecraft:raw_gold":13,"minecraft:cracked_deepslate_bricks":3,"minecraft:magma_cream":1,"cataclysm:monstrous_horn":1,"doom:daisy":3,"minecraft:magma_block":3,"stalwart_dungeons:raw_tungsten":1},"minecraft:broken":{"minecraft:golden_helmet":1,"minecraft:iron_leggings":1,"stalwart_dungeons:tungsten_chestplate":1,"minecraft:diamond_pickaxe":1,"stalwart_dungeons:tungsten_helmet":1,"doom:soulcube":3,"stalwart_dungeons:tungsten_boots":1},"minecraft:killed":{"doom:possessed_scientist":7,"doom:marauder":1,"minecraft:zombified_piglin":1,"doom:cyberdemon":1,"stalwart_dungeons:awful_ghast":1,"cataclysm:netherite_monstrosity":1,"doom:pinky":13,"doom:lost_soul":38,"doom:possessed_soldier":16,"minecraft:wither":1,"doom:baron":1,"doom:turret":6,"doom:mancubus":3,"doom:cueball":4,"doom:prowler":4,"cataclysm:modern_remnant":1,"doom:arachnotroneternal":2,"doom:baron2016":2,"minecraft:piglin":3,"minecraft:pig":58,"doom:possessed_worker":3,"doom:revenant":2,"stalwart_dungeons:giddy_blaze":38,"doom:painelemental":2,"cataclysm:ancient_remnant":1,"doom:zombieman":12,"doom:shotgunguy":7,"doom:hellknight2016":1,"doom:mechazombie":5,"minecraft:ghast":1,"doom:tentacle":9,"minecraft:blaze":18,"doom:whiplash":2,"doom:cacodemon":8,"doom:revenant2016":5,"doom:imp":24,"doom:unwilling":11,"minecraft:phantom":4,"doom:spidermastermind":1,"stalwart_dungeons:nether_wart_cocoon":12,"doom:maykr_drone":4,"doom:firebronebaron":1,"doom:spectre":15,"stalwart_dungeons:reinforced_blaze":30,"doom:armoredbaron":2,"doom:gladiator":1,"doom:chaingunner":10,"cataclysm:ignited_berserker":1,"doom:archvile":3,"cataclysm:ignis":1,"tombstone:spectral_wolf":1,"minecraft:wither_skeleton":17,"doom:gargoyle":13,"doom:doom_hunter":7},"minecraft:mined":{"minecraft:red_nether_bricks":9,"irons_spellbooks:arcane_anvil":4,"minecraft:obsidian":6,"minecraft:grass_block":22,"minecraft:deepslate_bricks":22,"minecraft:coal_block":1,"minecraft:soul_soil":9,"minecraft:polished_blackstone_brick_slab":10,"tacz:gun_smith_table":3,"minecraft:spawner":23,"minecraft:polished_blackstone_bricks":7,"minecraft:magma_block":3,"minecraft:red_nether_brick_stairs":1,"minecraft:iron_ore":24,"minecraft:fire":21,"minecraft:cobbled_deepslate":10,"minecraft:anvil":3,"minecraft:black_carpet":1,"minecraft:deepslate_lapis_ore":2,"minecraft:enchanting_table":2,"minecraft:iron_bars":3,"stalwart_dungeons:soul_magma_bricks":8,"minecraft:iron_block":3,"minecraft:tripwire":1,"minecraft:deepslate_redstone_ore":10,"minecraft:cyan_terracotta":18,"minecraft:polished_blackstone_wall":2,"minecraft:blackstone":9,"minecraft:crimson_nylium":3,"minecraft:soul_fire":6,"stalwart_dungeons:soul_tiles":6,"minecraft:torch":1,"minecraft:blast_furnace":15,"doom:e1m1_block11":2,"minecraft:chest":1,"minecraft:nether_quartz_ore":25,"minecraft:cobblestone":7,"minecraft:iron_door":2,"minecraft:wall_torch":1,"minecraft:chain":1,"minecraft:oak_log":20,"minecraft:lime_terracotta":2,"minecraft:smooth_quartz":13,"minecraft:dirt":21,"minecraft:crimson_planks":23,"minecraft:ancient_debris":17,"minecraft:netherrack":2242,"doom:e1m1_block18":2,"minecraft:oak_leaves":51,"minecraft:deepslate":276,"minecraft:nether_gold_ore":8,"stalwart_dungeons:soul_bricks":85,"minecraft:deepslate_diamond_ore":3,"minecraft:blackstone_wall":1,"minecraft:nether_bricks":41,"minecraft:red_sandstone_stairs":1,"minecraft:red_mushroom":14,"skyfall:mysterious_crate":2,"minecraft:crimson_stem":13,"doom:jump_pad":1,"minecraft:redstone_ore":2,"minecraft:furnace":8,"minecraft:green_terracotta":8,"doom:argent_lamp_block":1,"minecraft:gold_block":26,"minecraft:nether_brick_fence":22,"minecraft:deepslate_iron_ore":30,"minecraft:stripped_oak_log":3,"minecraft:stone":509,"minecraft:smithing_table":4,"minecraft:gray_concrete":2,"minecraft:soul_sand":8,"minecraft:basalt":34,"minecraft:polished_blackstone_brick_wall":3,"relics:researching_table":5,"minecraft:crafting_table":22,"minecraft:copper_ore":35,"minecraft:tall_grass":12,"minecraft:deepslate_gold_ore":12,"minecraft:lapis_ore":3,"minecraft:polished_blackstone_brick_stairs":5,"minecraft:cracked_deepslate_bricks":6,"stalwart_dungeons:tungsten_ore":39,"minecraft:coal_ore":26,"minecraft:gravel":4,"minecraft:cobweb":2,"minecraft:polished_blackstone":3,"minecraft:crimson_hyphae":2,"minecraft:dark_oak_planks":3}},"DataVersion":3465}