{"stats":{"minecraft:mined":{"stalwart_dungeons:soul_bricks":51,"minecraft:nether_bricks":20,"minecraft:grass_block":6,"skyfall:mysterious_crate":2,"minecraft:crimson_stem":13,"minecraft:spawner":5,"minecraft:redstone_ore":2,"minecraft:furnace":7,"minecraft:iron_ore":17,"minecraft:fire":4,"minecraft:deepslate_lapis_ore":2,"minecraft:gold_block":16,"minecraft:nether_brick_fence":4,"minecraft:deepslate_iron_ore":30,"stalwart_dungeons:soul_magma_bricks":2,"minecraft:stone":170,"minecraft:deepslate_redstone_ore":10,"minecraft:blackstone":2,"stalwart_dungeons:soul_tiles":5,"minecraft:crafting_table":8,"minecraft:torch":1,"minecraft:blast_furnace":3,"doom:e1m1_block11":2,"minecraft:tall_grass":4,"minecraft:copper_ore":26,"minecraft:cobblestone":4,"minecraft:deepslate_gold_ore":11,"minecraft:lapis_ore":3,"stalwart_dungeons:tungsten_ore":10,"minecraft:wall_torch":1,"minecraft:coal_ore":26,"minecraft:oak_log":6,"minecraft:dirt":8,"minecraft:netherrack":32,"minecraft:crimson_hyphae":2,"minecraft:oak_leaves":1,"minecraft:deepslate":35},"minecraft:used":{"minecraft:stone_sword":59,"minecraft:iron_sword":333,"minecraft:netherrack":65,"minecraft:torch":21,"minecraft:soul_sand":7,"minecraft:dirt":9,"minecraft:nether_bricks":4,"minecraft:wooden_axe":21,"minecraft:iron_axe":20,"minecraft:iron_helmet":1,"skyfall:mysterious_crate":1,"minecraft:golden_carrot":18,"minecraft:furnace":7,"tombstone:gift":2,"minecraft:crimson_stem":1,"minecraft:stone_pickaxe":121,"doom:e1m1_block11":2,"minecraft:ender_pearl":5,"minecraft:wooden_pickaxe":6,"minecraft:golden_apple":14,"stalwart_dungeons:soul_bricks":24,"minecraft:crafting_table":9,"minecraft:blast_furnace":3,"tombstone:bag_of_seeds":2,"minecraft:diamond_pickaxe":148,"minecraft:iron_pickaxe":230,"tombstone:magic_scroll":20,"stalwart_dungeons:tungsten_sword":172,"minecraft:stone_axe":7,"minecraft:cobblestone":47,"minecraft:potion":4,"minecraft:cooked_porkchop":61,"minecraft:porkchop":10,"minecraft:diamond_leggings":1},"minecraft:custom":{"minecraft:mob_kills":171,"minecraft:interact_with_crafting_table":30,"minecraft:leave_game":1,"minecraft:time_since_death":133367,"minecraft:damage_resisted":224,"minecraft:sprint_one_cm":933596,"minecraft:walk_one_cm":421479,"minecraft:drop":83,"minecraft:play_time":133367,"minecraft:sneak_time":5297,"minecraft:walk_under_water_one_cm":7750,"minecraft:interact_with_lectern":1,"minecraft:jump":2582,"minecraft:interact_with_blast_furnace":26,"minecraft:walk_on_water_one_cm":16468,"minecraft:total_world_time":133367,"minecraft:interact_with_furnace":57,"minecraft:time_since_rest":133367,"minecraft:waystone_activated":1,"minecraft:damage_taken":8706,"minecraft:damage_absorbed":558,"minecraft:damage_dealt":38134,"tombstone:cast_on_ally":0,"minecraft:swim_one_cm":75582,"minecraft:fly_one_cm":542158,"minecraft:open_chest":91,"minecraft:crouch_one_cm":16731,"tombstone:undead_killed":66,"minecraft:fall_one_cm":63984,"minecraft:inspect_dispenser":1},"minecraft:dropped":{"minecraft:crimson_stem":2,"minecraft:iron_sword":2,"minecraft:porkchop":2,"minecraft:wheat_seeds":2,"minecraft:golden_pickaxe":3,"minecraft:glass_bottle":4,"minecraft:golden_horse_armor":1,"minecraft:crafting_table":2,"minecraft:iron_helmet":3,"minecraft:cobblestone":60,"doom:bullets":1,"doom:chaingunbullets":7,"stalwart_dungeons:soul_bricks":9,"minecraft:dirt":1,"minecraft:wooden_axe":1,"tombstone:grave_dust":1,"irons_spellbooks:arcane_essence":21,"tacz:modern_kinetic_gun":1,"doom:energy_cells":6,"stalwart_dungeons:soul_tiles":3,"minecraft:stone_axe":1,"minecraft:blackstone":2,"minecraft:ancient_debris":3,"doom:argent_energy":42,"minecraft:blaze_rod":38,"minecraft:raw_copper":40,"minecraft:nether_brick":15,"minecraft:beetroot":6,"minecraft:rotten_flesh":2,"minecraft:iron_boots":3,"minecraft:nether_brick_fence":4,"minecraft:nether_bricks":2,"minecraft:pumpkin_seeds":6,"minecraft:chest":1,"minecraft:golden_sword":2,"tombstone:essence_of_undeath":1,"minecraft:stone_pickaxe":1,"minecraft:wooden_pickaxe":1,"doom:soulcube":2,"stalwart_dungeons:raw_tungsten":1},"minecraft:killed":{"doom:possessed_scientist":4,"doom:cacodemon":1,"doom:revenant2016":2,"doom:cyberdemon":1,"doom:pinky":4,"doom:possessed_soldier":6,"doom:imp":6,"doom:unwilling":8,"doom:spidermastermind":1,"stalwart_dungeons:nether_wart_cocoon":11,"doom:maykr_drone":4,"doom:cueball":1,"doom:prowler":1,"doom:baron2016":1,"minecraft:piglin":3,"minecraft:pig":22,"doom:spectre":4,"stalwart_dungeons:reinforced_blaze":20,"doom:revenant":1,"stalwart_dungeons:giddy_blaze":38,"doom:armoredbaron":1,"doom:zombieman":1,"doom:chaingunner":3,"doom:shotgunguy":3,"doom:archvile":1,"doom:mechazombie":3,"minecraft:wither_skeleton":1,"doom:gargoyle":5,"doom:tentacle":1,"doom:doom_hunter":2,"minecraft:blaze":1},"minecraft:picked_up":{"irons_spellbooks:scroll":1,"minecraft:crafting_table":8,"doom:shotgun_shells":3,"minecraft:nether_brick_fence":4,"minecraft:golden_pickaxe":2,"minecraft:gold_block":15,"minecraft:nether_brick":79,"stalwart_dungeons:soul_bricks":34,"minecraft:golden_sword":1,"minecraft:raw_copper":195,"tacz:ammo":144,"minecraft:blackstone":2,"minecraft:beetroot":3,"irons_spellbooks:arcane_essence":21,"minecraft:cobbled_deepslate":33,"doom:chaingunbullets":9,"minecraft:chest":1,"minecraft:iron_boots":2,"minecraft:furnace":7,"minecraft:stick":2,"minecraft:raw_iron":57,"doom:e1m1_block11":2,"minecraft:torch":2,"skyfall:mysterious_crate":2,"minecraft:porkchop":175,"doom:energy_cells":18,"tombstone:grave_dust":6,"minecraft:redstone":52,"minecraft:rotten_flesh":2,"stalwart_dungeons:raw_tungsten":10,"minecraft:nether_bricks":8,"tombstone:essence_of_undeath":1,"minecraft:blaze_rod":86,"minecraft:cobblestone":242,"minecraft:magma_cream":1,"minecraft:crimson_stem":15,"minecraft:oak_log":6,"minecraft:ancient_debris":3,"minecraft:wither_skeleton_skull":1,"minecraft:lapis_lazuli":32,"minecraft:dirt":10,"stalwart_dungeons:blaze_armor_scrap":20,"minecraft:raw_gold":11,"minecraft:iron_ingot":2,"minecraft:iron_sword":1,"minecraft:cooked_porkchop":55,"stalwart_dungeons:soul_tiles":4,"doom:argent_energy":104,"minecraft:blast_furnace":3,"doom:bullets":6,"minecraft:bundle":1,"tacz:modern_kinetic_gun":2,"minecraft:iron_helmet":2,"tombstone:magic_scroll":1,"minecraft:netherrack":31,"minecraft:coal":52},"minecraft:broken":{"minecraft:golden_helmet":1,"minecraft:iron_leggings":1},"minecraft:crafted":{"minecraft:smooth_stone":6,"minecraft:oak_planks":24,"stalwart_dungeons:tungsten_leggings":1,"minecraft:furnace":3,"minecraft:blast_furnace":1,"minecraft:stone":6,"stalwart_dungeons:tungsten_helmet":1,"minecraft:diamond_leggings":1,"minecraft:iron_axe":1,"minecraft:stone_pickaxe":1,"stalwart_dungeons:tungsten_boots":1,"stalwart_dungeons:tungsten_ingot":24,"minecraft:red_dye":2,"minecraft:crimson_planks":8,"stalwart_dungeons:tungsten_sword":1,"minecraft:cooked_porkchop":58,"minecraft:crafting_table":2,"minecraft:wooden_pickaxe":1,"minecraft:iron_helmet":1,"minecraft:red_wool":2,"minecraft:stone_axe":1,"minecraft:air":0,"stalwart_dungeons:tungsten_shield":1,"minecraft:white_wool":1,"minecraft:stick":36,"minecraft:iron_ingot":21,"minecraft:iron_pickaxe":2,"minecraft:wooden_axe":1,"minecraft:stone_sword":1,"minecraft:torch":24}},"DataVersion":3465}