{"stats":{"minecraft:dropped":{"minecraft:crimson_stem":5,"minecraft:iron_sword":2,"minecraft:oak_slab":8,"minecraft:porkchop":12,"minecraft:wheat_seeds":2,"minecraft:oak_log":1,"minecraft:polished_blackstone":2,"minecraft:golden_pickaxe":3,"minecraft:glass_bottle":4,"minecraft:golden_horse_armor":1,"minecraft:crafting_table":2,"minecraft:netherite_upgrade_smithing_template":1,"minecraft:iron_helmet":3,"minecraft:cobblestone":60,"minecraft:apple":1,"minecraft:red_wool":2,"doom:bullets":1,"minecraft:polished_blackstone_brick_wall":2,"doom:chaingunbullets":8,"relics:bastion_ring":1,"stalwart_dungeons:soul_bricks":9,"minecraft:dirt":3,"minecraft:wooden_axe":1,"doom:argent_bolt":3,"tombstone:grave_dust":3,"irons_spellbooks:arcane_essence":21,"tacz:modern_kinetic_gun":1,"doom:energy_cells":6,"stalwart_dungeons:soul_tiles":3,"relics:rage_glove":1,"minecraft:furnace":2,"minecraft:stone_axe":1,"minecraft:blackstone":8,"minecraft:ancient_debris":3,"doom:argent_energy":42,"minecraft:blaze_rod":38,"minecraft:raw_copper":40,"minecraft:nether_brick":143,"minecraft:beetroot":6,"minecraft:rotten_flesh":2,"doom:shotgun_shells":1,"minecraft:wither_skeleton_skull":6,"minecraft:oak_planks":16,"minecraft:iron_boots":3,"relics:space_dissector":1,"minecraft:nether_brick_fence":4,"minecraft:nether_bricks":2,"minecraft:pumpkin_seeds":6,"minecraft:chest":1,"minecraft:golden_sword":2,"tombstone:essence_of_undeath":1,"minecraft:wooden_pickaxe":1,"minecraft:stone_pickaxe":1,"doom:soulcube":3,"stalwart_dungeons:raw_tungsten":1,"minecraft:netherrack":4},"minecraft:picked_up":{"irons_spellbooks:scroll":1,"minecraft:crafting_table":10,"minecraft:nether_brick_fence":4,"doom:shotgun_shells":4,"minecraft:golden_pickaxe":2,"minecraft:gold_block":15,"minecraft:nether_brick":207,"stalwart_dungeons:soul_bricks":34,"minecraft:crimson_planks":23,"minecraft:golden_sword":1,"minecraft:raw_copper":195,"tacz:ammo":144,"minecraft:blackstone":8,"minecraft:beetroot":3,"irons_spellbooks:arcane_essence":21,"minecraft:cobbled_deepslate":33,"minecraft:netherite_upgrade_smithing_template":1,"doom:chaingunbullets":10,"minecraft:coal_block":1,"minecraft:chest":1,"minecraft:furnace":9,"minecraft:iron_boots":2,"minecraft:stick":3,"minecraft:raw_iron":57,"doom:e1m1_block11":2,"relics:rage_glove":1,"minecraft:torch":2,"skyfall:mysterious_crate":2,"minecraft:porkchop":185,"doom:energy_cells":20,"tombstone:grave_dust":8,"minecraft:redstone":61,"minecraft:rotten_flesh":2,"stalwart_dungeons:raw_tungsten":10,"minecraft:nether_bricks":8,"tombstone:essence_of_undeath":1,"minecraft:polished_blackstone":2,"minecraft:blaze_rod":86,"relics:reflection_necklace":1,"minecraft:cobblestone":242,"doom:argent_bolt":3,"minecraft:magma_cream":1,"minecraft:crimson_stem":18,"minecraft:oak_log":12,"minecraft:ancient_debris":3,"minecraft:wither_skeleton_skull":7,"minecraft:lapis_lazuli":32,"minecraft:dirt":12,"stalwart_dungeons:blaze_armor_scrap":20,"minecraft:apple":1,"minecraft:raw_gold":11,"minecraft:iron_ingot":9,"minecraft:oak_planks":17,"minecraft:iron_sword":1,"relics:bastion_ring":2,"minecraft:oak_slab":10,"minecraft:cooked_porkchop":63,"minecraft:red_wool":2,"stalwart_dungeons:soul_tiles":4,"doom:argent_energy":116,"minecraft:blast_furnace":3,"doom:bullets":7,"minecraft:bundle":1,"tacz:modern_kinetic_gun":2,"minecraft:iron_helmet":2,"relics:researching_table":1,"minecraft:polished_blackstone_brick_wall":2,"relics:space_dissector":1,"tombstone:magic_scroll":1,"minecraft:netherrack":35,"minecraft:coal":52},"minecraft:custom":{"minecraft:mob_kills":195,"minecraft:interact_with_crafting_table":34,"minecraft:leave_game":2,"minecraft:time_since_death":169660,"minecraft:damage_resisted":329,"minecraft:sprint_one_cm":1183216,"minecraft:walk_one_cm":497616,"minecraft:drop":115,"minecraft:play_time":169660,"minecraft:sneak_time":5995,"minecraft:walk_under_water_one_cm":45842,"minecraft:interact_with_lectern":1,"minecraft:jump":3307,"minecraft:interact_with_blast_furnace":26,"minecraft:walk_on_water_one_cm":38354,"minecraft:total_world_time":169660,"minecraft:interact_with_furnace":57,"minecraft:time_since_rest":169660,"minecraft:waystone_activated":1,"minecraft:damage_taken":11895,"minecraft:damage_absorbed":558,"minecraft:damage_dealt":54098,"tombstone:cast_on_ally":0,"minecraft:swim_one_cm":195443,"minecraft:fly_one_cm":871825,"minecraft:open_chest":104,"minecraft:crouch_one_cm":18208,"tombstone:undead_killed":88,"minecraft:fall_one_cm":104321,"minecraft:inspect_dispenser":1},"minecraft:mined":{"stalwart_dungeons:soul_bricks":51,"minecraft:blackstone_wall":1,"minecraft:red_nether_bricks":2,"minecraft:nether_bricks":28,"minecraft:grass_block":7,"minecraft:soul_soil":4,"minecraft:coal_block":1,"skyfall:mysterious_crate":2,"minecraft:crimson_stem":13,"minecraft:spawner":5,"minecraft:redstone_ore":2,"minecraft:furnace":7,"minecraft:iron_ore":17,"minecraft:fire":4,"minecraft:deepslate_lapis_ore":2,"minecraft:gold_block":16,"minecraft:nether_brick_fence":4,"minecraft:deepslate_iron_ore":30,"stalwart_dungeons:soul_magma_bricks":2,"minecraft:stone":170,"minecraft:deepslate_redstone_ore":10,"minecraft:blackstone":6,"relics:researching_table":1,"stalwart_dungeons:soul_tiles":5,"minecraft:polished_blackstone_brick_wall":2,"minecraft:crafting_table":10,"minecraft:torch":1,"minecraft:blast_furnace":3,"doom:e1m1_block11":2,"minecraft:copper_ore":26,"minecraft:tall_grass":5,"minecraft:cobblestone":4,"minecraft:lapis_ore":3,"minecraft:deepslate_gold_ore":11,"stalwart_dungeons:tungsten_ore":10,"minecraft:wall_torch":1,"minecraft:oak_log":11,"minecraft:coal_ore":26,"minecraft:dirt":9,"minecraft:crimson_planks":23,"minecraft:polished_blackstone":3,"minecraft:netherrack":36,"minecraft:oak_leaves":1,"minecraft:crimson_hyphae":2,"minecraft:deepslate":35},"minecraft:killed":{"doom:possessed_scientist":4,"doom:cacodemon":3,"doom:revenant2016":3,"doom:cyberdemon":1,"doom:pinky":4,"doom:possessed_soldier":9,"doom:imp":7,"doom:unwilling":9,"doom:spidermastermind":1,"stalwart_dungeons:nether_wart_cocoon":11,"doom:mancubus":1,"doom:maykr_drone":4,"doom:cueball":1,"doom:prowler":1,"doom:arachnotroneternal":1,"doom:baron2016":1,"minecraft:piglin":3,"minecraft:pig":23,"doom:spectre":4,"stalwart_dungeons:reinforced_blaze":20,"doom:revenant":1,"stalwart_dungeons:giddy_blaze":38,"doom:armoredbaron":1,"doom:zombieman":5,"doom:chaingunner":4,"doom:shotgunguy":4,"doom:archvile":1,"doom:mechazombie":3,"minecraft:wither_skeleton":1,"doom:tentacle":2,"doom:gargoyle":8,"doom:doom_hunter":4,"minecraft:blaze":1},"minecraft:broken":{"minecraft:golden_helmet":1,"minecraft:iron_leggings":1},"minecraft:used":{"minecraft:stone_sword":59,"minecraft:iron_sword":333,"minecraft:netherrack":65,"minecraft:torch":21,"minecraft:soul_sand":7,"minecraft:dirt":9,"minecraft:nether_bricks":4,"minecraft:wooden_axe":21,"minecraft:iron_axe":50,"minecraft:iron_helmet":1,"minecraft:crimson_planks":23,"skyfall:mysterious_crate":1,"minecraft:golden_carrot":38,"minecraft:furnace":7,"tombstone:gift":2,"minecraft:crimson_stem":1,"minecraft:water_bucket":1,"relics:researching_table":1,"minecraft:stone_pickaxe":121,"doom:e1m1_block11":2,"minecraft:ender_pearl":5,"minecraft:wooden_pickaxe":6,"minecraft:golden_apple":14,"stalwart_dungeons:soul_bricks":24,"minecraft:crafting_table":11,"minecraft:blast_furnace":3,"tombstone:bag_of_seeds":2,"minecraft:diamond_pickaxe":177,"minecraft:iron_pickaxe":230,"tombstone:magic_scroll":20,"stalwart_dungeons:tungsten_sword":368,"minecraft:stone_axe":7,"minecraft:cobblestone":47,"minecraft:potion":4,"minecraft:porkchop":10,"minecraft:cooked_porkchop":69,"minecraft:bucket":2,"minecraft:diamond_leggings":1},"minecraft:crafted":{"minecraft:smooth_stone":6,"minecraft:oak_planks":44,"stalwart_dungeons:tungsten_leggings":1,"minecraft:furnace":3,"minecraft:blast_furnace":1,"minecraft:stone":6,"stalwart_dungeons:tungsten_helmet":1,"minecraft:diamond_leggings":1,"minecraft:iron_axe":1,"relics:researching_table":1,"minecraft:stone_pickaxe":1,"stalwart_dungeons:tungsten_boots":1,"stalwart_dungeons:tungsten_ingot":24,"minecraft:red_dye":2,"minecraft:oak_slab":6,"minecraft:crimson_planks":44,"stalwart_dungeons:tungsten_sword":1,"minecraft:cooked_porkchop":58,"minecraft:crafting_table":2,"minecraft:wooden_pickaxe":1,"minecraft:iron_helmet":1,"minecraft:red_wool":2,"minecraft:bucket":1,"minecraft:stone_axe":1,"minecraft:air":0,"stalwart_dungeons:tungsten_shield":1,"minecraft:white_wool":1,"minecraft:stick":36,"minecraft:iron_ingot":21,"minecraft:iron_pickaxe":2,"minecraft:wooden_axe":1,"minecraft:stone_sword":1,"minecraft:torch":24}},"DataVersion":3465}