{"stats":{"minecraft:used":{"minecraft:stone_pickaxe":121,"minecraft:wooden_pickaxe":6,"minecraft:torch":5,"minecraft:dirt":9,"minecraft:crafting_table":3,"minecraft:nether_bricks":2,"tombstone:bag_of_seeds":2,"minecraft:wooden_axe":21,"minecraft:stone_axe":6,"skyfall:mysterious_crate":1,"minecraft:cobblestone":21,"minecraft:porkchop":10,"minecraft:furnace":2,"minecraft:cooked_porkchop":21,"tombstone:gift":1},"minecraft:mined":{"minecraft:blackstone":2,"minecraft:crafting_table":2,"minecraft:nether_bricks":2,"minecraft:grass_block":3,"minecraft:copper_ore":26,"minecraft:tall_grass":2,"minecraft:cobblestone":1,"skyfall:mysterious_crate":2,"minecraft:furnace":2,"minecraft:nether_brick_fence":4,"minecraft:oak_log":6,"minecraft:coal_ore":26,"minecraft:dirt":5,"minecraft:stone":60,"minecraft:oak_leaves":1},"minecraft:dropped":{"minecraft:blackstone":2,"minecraft:wheat_seeds":2,"minecraft:golden_horse_armor":1,"minecraft:nether_brick_fence":4,"minecraft:pumpkin_seeds":6,"minecraft:dirt":1,"minecraft:wooden_axe":1,"minecraft:chest":1,"minecraft:golden_sword":2,"minecraft:wooden_pickaxe":1},"minecraft:custom":{"minecraft:interact_with_furnace":16,"minecraft:mob_kills":40,"minecraft:interact_with_crafting_table":4,"minecraft:time_since_death":41760,"minecraft:damage_resisted":10,"minecraft:time_since_rest":41760,"minecraft:sprint_one_cm":310408,"minecraft:damage_taken":2175,"minecraft:walk_one_cm":167203,"minecraft:drop":13,"minecraft:damage_dealt":2028,"minecraft:swim_one_cm":24231,"minecraft:fly_one_cm":219302,"minecraft:open_chest":4,"minecraft:crouch_one_cm":2533,"minecraft:play_time":41760,"tombstone:undead_killed":16,"minecraft:sneak_time":1673,"minecraft:walk_under_water_one_cm":3291,"minecraft:jump":872,"minecraft:walk_on_water_one_cm":6789,"minecraft:total_world_time":41760,"minecraft:fall_one_cm":23553},"minecraft:killed":{"doom:possessed_scientist":1,"minecraft:pig":22,"doom:spectre":1,"doom:pinky":2,"doom:armoredbaron":1,"doom:imp":3,"doom:unwilling":1,"doom:chaingunner":1,"doom:shotgunguy":2,"doom:spidermastermind":1,"doom:mechazombie":1,"minecraft:wither_skeleton":1,"doom:gargoyle":1,"minecraft:blaze":1},"minecraft:picked_up":{"irons_spellbooks:scroll":1,"minecraft:crafting_table":2,"minecraft:magma_cream":1,"minecraft:nether_brick_fence":4,"doom:shotgun_shells":2,"minecraft:oak_log":6,"minecraft:golden_sword":1,"minecraft:dirt":10,"minecraft:raw_copper":91,"tacz:ammo":144,"minecraft:blackstone":2,"doom:chaingunbullets":1,"minecraft:chest":1,"minecraft:furnace":2,"minecraft:stick":2,"minecraft:cooked_porkchop":22,"skyfall:mysterious_crate":2,"minecraft:porkchop":90,"doom:argent_energy":30,"doom:bullets":2,"minecraft:bundle":1,"tacz:modern_kinetic_gun":1,"minecraft:nether_bricks":2,"minecraft:blaze_rod":2,"minecraft:coal":26,"minecraft:cobblestone":70},"minecraft:crafted":{"minecraft:oak_planks":24,"minecraft:cooked_porkchop":24,"minecraft:crafting_table":1,"minecraft:wooden_pickaxe":1,"minecraft:furnace":2,"minecraft:stone_axe":1,"minecraft:air":0,"minecraft:stick":16,"minecraft:stone_pickaxe":1,"minecraft:wooden_axe":1,"minecraft:torch":12}},"DataVersion":3465}