{"stats":{"minecraft:used":{"doom:argent_sword":150,"minecraft:iron_sword":333,"doom:argent_pickaxe":599,"minecraft:green_terracotta":3,"minecraft:soul_sand":13,"minecraft:nether_bricks":4,"minecraft:obsidian":10,"cataclysm:infernal_forge":28,"minecraft:cyan_terracotta":4,"minecraft:iron_helmet":1,"skyfall:mysterious_crate":1,"doom:argent_paxel":983,"minecraft:oak_sapling":2,"minecraft:furnace":8,"relics:researching_table":2,"minecraft:wither_skeleton_skull":3,"minecraft:stone_pickaxe":121,"minecraft:ender_pearl":5,"minecraft:wooden_pickaxe":6,"minecraft:diamond_axe":22,"minecraft:golden_apple":14,"stalwart_dungeons:soul_bricks":24,"minecraft:blast_furnace":11,"minecraft:gray_concrete":1,"minecraft:string":1,"minecraft:gravel":3,"minecraft:smithing_table":3,"minecraft:enchanting_table":2,"minecraft:stone_sword":59,"minecraft:flint_and_steel":46,"tacz:gun_smith_table":1,"minecraft:netherrack":161,"minecraft:torch":21,"minecraft:dirt":14,"minecraft:anvil":3,"minecraft:wooden_axe":21,"doom:jump_pad":1,"minecraft:iron_axe":51,"stalwart_dungeons:soul_magma_bricks":1,"minecraft:crimson_planks":63,"minecraft:golden_carrot":38,"minecraft:soul_soil":2,"tombstone:gift":3,"minecraft:cobbled_deepslate":3,"cataclysm:remnant_skull":1,"minecraft:crimson_stem":1,"minecraft:water_bucket":111,"tombstone:scroll_of_knowledge":1,"tombstone:scroll_of_reach":1,"doom:e1m1_block11":2,"minecraft:lime_terracotta":1,"minecraft:crafting_table":21,"minecraft:red_mushroom":2,"tombstone:bag_of_seeds":2,"minecraft:diamond_pickaxe":1309,"minecraft:iron_pickaxe":230,"tombstone:magic_scroll":21,"stalwart_dungeons:tungsten_sword":960,"cataclysm:athame":3,"minecraft:stone_axe":7,"minecraft:cobblestone":51,"minecraft:potion":4,"minecraft:porkchop":18,"minecraft:cooked_porkchop":225,"minecraft:bucket":112,"minecraft:diamond_leggings":1,"tombstone:scroll_of_unstable_intangibility":1},"minecraft:crafted":{"minecraft:oak_planks":52,"minecraft:smooth_stone":6,"minecraft:stone":6,"stalwart_dungeons:tungsten_helmet":1,"minecraft:diamond_leggings":1,"minecraft:oak_slab":6,"stalwart_dungeons:tungsten_sword":2,"minecraft:cooked_porkchop":140,"minecraft:diamond_axe":1,"minecraft:crafting_table":3,"minecraft:wooden_pickaxe":1,"minecraft:iron_helmet":1,"minecraft:smithing_table":1,"minecraft:red_wool":2,"minecraft:gold_block":13,"minecraft:stick":68,"minecraft:iron_ingot":88,"minecraft:iron_pickaxe":2,"minecraft:iron_block":13,"minecraft:stone_sword":1,"minecraft:gold_ingot":11,"doom:doom_boots":1,"doom:classic_doom_leggings":1,"doom:doom_helmet":1,"doom:argent_shovel":1,"stalwart_dungeons:tungsten_leggings":2,"doom:argent_axe":1,"doom:maykr_doom_boots":1,"minecraft:furnace":3,"minecraft:blast_furnace":1,"doom:argent_sword":1,"minecraft:flint_and_steel":1,"doom:argent_pickaxe":1,"minecraft:iron_axe":1,"relics:researching_table":1,"minecraft:stone_pickaxe":1,"stalwart_dungeons:tungsten_boots":1,"minecraft:netherite_scrap":18,"doom:argent_paxel":1,"stalwart_dungeons:tungsten_ingot":53,"minecraft:red_dye":2,"minecraft:crimson_planks":56,"minecraft:enchanting_table":1,"tacz:gun_smith_table":1,"minecraft:bucket":1,"minecraft:stone_axe":1,"minecraft:air":0,"doom:maykr_doom_helmet":1,"stalwart_dungeons:tungsten_shield":1,"minecraft:white_wool":1,"minecraft:wooden_axe":1,"doom:maykr_doom_chestplate":1,"minecraft:anvil":1,"minecraft:torch":24,"doom:doom_chestplate":1},"minecraft:custom":{"minecraft:interact_with_crafting_table":79,"minecraft:open_barrel":60,"minecraft:leave_game":7,"minecraft:time_since_death":376265,"minecraft:damage_resisted":1255,"minecraft:sprint_one_cm":2991545,"minecraft:drop":363,"minecraft:play_time":376265,"tombstone:tomb_raiding":1,"minecraft:jump":6031,"tombstone:kill_undead_boss":2,"minecraft:enchant_item":5,"minecraft:walk_on_water_one_cm":81411,"minecraft:interact_with_furnace":63,"minecraft:waystone_activated":2,"minecraft:damage_dealt":145659,"minecraft:player_kills":2,"minecraft:crouch_one_cm":48106,"tombstone:undead_killed":208,"minecraft:inspect_dispenser":1,"minecraft:interact_with_smithing_table":7,"minecraft:interact_with_anvil":4,"minecraft:mob_kills":382,"minecraft:inspect_hopper":2,"minecraft:damage_dealt_resisted":912,"minecraft:walk_one_cm":1112995,"minecraft:damage_dealt_absorbed":3452,"minecraft:sneak_time":13267,"minecraft:walk_under_water_one_cm":119601,"minecraft:interact_with_lectern":1,"minecraft:interact_with_blast_furnace":68,"minecraft:total_world_time":376265,"tombstone:raider_killed":4,"minecraft:time_since_rest":376265,"minecraft:damage_taken":28501,"minecraft:damage_absorbed":777,"tombstone:cast_on_ally":0,"minecraft:swim_one_cm":377711,"minecraft:fly_one_cm":1851517,"minecraft:open_chest":183,"minecraft:fall_one_cm":280454},"minecraft:picked_up":{"irons_spellbooks:scroll":1,"cataclysm:monstrous_horn":2,"minecraft:nether_brick_fence":5,"minecraft:anvil":4,"doom:shotgun_shells":6,"minecraft:smithing_table":3,"minecraft:enchanted_book":8,"minecraft:nether_brick":207,"doom:argent_plate":2,"minecraft:crimson_planks":23,"minecraft:golden_sword":1,"minecraft:polished_blackstone_brick_stairs":5,"minecraft:string":1,"minecraft:soul_soil":15,"minecraft:raw_copper":195,"minecraft:beetroot":3,"irons_spellbooks:arcane_essence":21,"minecraft:gold_nugget":16,"minecraft:cobbled_deepslate":46,"minecraft:bucket":1,"minecraft:netherite_upgrade_smithing_template":2,"minecraft:smooth_quartz":7,"irons_spellbooks:blank_rune":6,"doom:chaingunbullets":14,"minecraft:coal_block":1,"minecraft:iron_boots":2,"minecraft:furnace":13,"minecraft:polished_blackstone_brick_slab":2,"minecraft:stick":21,"minecraft:polished_blackstone_stairs":3,"minecraft:torch":2,"minecraft:porkchop":376,"tombstone:grave_dust":31,"minecraft:deepslate_tile_stairs":1,"minecraft:green_terracotta":8,"stalwart_dungeons:soul_magma_bricks":3,"minecraft:rotten_flesh":2,"cataclysm:athame":2,"minecraft:iron_block":12,"minecraft:cyan_terracotta":12,"tombstone:scroll_of_aquatic_life":4,"minecraft:blaze_rod":379,"minecraft:obsidian":4,"minecraft:iron_bars":2,"minecraft:cobblestone":257,"doom:jump_pad":1,"minecraft:enchanting_table":3,"minecraft:magma_block":3,"minecraft:magma_cream":2,"minecraft:iron_door":1,"minecraft:water_bucket":1,"minecraft:flint":1,"minecraft:wither_skeleton_skull":7,"stalwart_dungeons:awful_gun":1,"minecraft:gray_concrete":1,"minecraft:lapis_lazuli":32,"minecraft:dirt":126,"tombstone:familiar_receptacle":2,"stalwart_dungeons:blaze_armor_scrap":34,"minecraft:wheat_seeds":1,"minecraft:raw_gold":24,"stalwart_dungeons:tungsten_shield":1,"tombstone:scroll_of_reach":1,"tacz:gun_smith_table":1,"minecraft:oak_planks":17,"minecraft:ghast_tear":21,"minecraft:cooked_porkchop":201,"minecraft:lime_terracotta":1,"doom:bullets":16,"minecraft:bundle":2,"relics:researching_table":3,"minecraft:oak_sapling":2,"minecraft:netherrack":1887,"relics:space_dissector":1,"minecraft:nether_star":3,"minecraft:crafting_table":19,"minecraft:golden_pickaxe":2,"minecraft:gold_block":25,"stalwart_dungeons:soul_bricks":52,"minecraft:netherite_scrap":4,"doom:daisy":1,"tacz:ammo":180,"minecraft:polished_blackstone_wall":2,"minecraft:blackstone":8,"usefulbackpacks:backpack_small":1,"minecraft:chest":1,"minecraft:raw_iron":57,"doom:e1m1_block11":2,"relics:rage_glove":4,"skyfall:mysterious_crate":2,"stalwart_dungeons:tungsten_sword":3,"minecraft:polished_blackstone_bricks":2,"doom:energy_cells":24,"minecraft:redstone":61,"cataclysm:dying_ember":2,"stalwart_dungeons:raw_tungsten":39,"minecraft:nether_bricks":8,"doom:e1m1_block18":2,"tombstone:essence_of_undeath":1,"minecraft:gold_ingot":22,"minecraft:polished_blackstone":2,"relics:reflection_necklace":1,"minecraft:white_wool":2,"minecraft:stripped_oak_log":3,"minecraft:basalt":12,"doom:argent_bolt":5,"minecraft:crimson_stem":18,"cataclysm:ignitium_ingot":9,"minecraft:leather":18,"minecraft:red_mushroom":14,"minecraft:oak_log":22,"minecraft:ancient_debris":20,"minecraft:gunpowder":1,"tombstone:voodoo_poppet":2,"tombstone:gift":1,"minecraft:red_nether_brick_stairs":2,"cataclysm:infernal_forge":1,"minecraft:apple":4,"minecraft:iron_ingot":25,"minecraft:iron_sword":1,"minecraft:soul_sand":8,"relics:bastion_ring":2,"minecraft:oak_slab":10,"minecraft:quartz":25,"minecraft:red_wool":2,"doom:soulcube":2,"minecraft:gravel":3,"doom:inmortalsphere":1,"stalwart_dungeons:soul_tiles":5,"doom:argent_energy":176,"minecraft:amethyst_shard":128,"cataclysm:remnant_skull":1,"minecraft:blast_furnace":15,"cataclysm:ancient_metal_block":1,"tacz:modern_kinetic_gun":2,"minecraft:iron_helmet":2,"minecraft:diamond_axe":1,"minecraft:polished_blackstone_brick_wall":2,"tombstone:magic_scroll":3,"minecraft:coal":52},"minecraft:dropped":{"minecraft:crimson_stem":5,"minecraft:iron_sword":2,"minecraft:porkchop":200,"stalwart_dungeons:soul_magma_bricks":2,"minecraft:diamond_axe":1,"minecraft:oak_log":2,"minecraft:golden_pickaxe":3,"minecraft:nether_star":2,"minecraft:glass_bottle":4,"minecraft:crafting_table":2,"minecraft:cooked_porkchop":32,"minecraft:netherite_upgrade_smithing_template":2,"minecraft:leather":36,"minecraft:red_wool":2,"stalwart_dungeons:tungsten_shield":2,"doom:bullets":10,"minecraft:polished_blackstone_brick_wall":2,"doom:e1m1_block18":2,"minecraft:deepslate_tile_stairs":1,"minecraft:cyan_terracotta":3,"minecraft:dirt":113,"minecraft:polished_blackstone_brick_stairs":5,"doom:argent_bolt":5,"irons_spellbooks:arcane_essence":21,"minecraft:gold_nugget":16,"minecraft:polished_blackstone_bricks":2,"doom:energy_cells":24,"stalwart_dungeons:tungsten_sword":5,"tombstone:familiar_receptacle":1,"minecraft:white_wool":4,"relics:rage_glove":2,"minecraft:gold_ingot":40,"minecraft:polished_blackstone_wall":2,"minecraft:stone_axe":1,"minecraft:blackstone":8,"minecraft:ancient_debris":3,"irons_spellbooks:blank_rune":12,"doom:argent_energy":52,"tombstone:scroll_of_aquatic_life":2,"stalwart_dungeons:tungsten_leggings":2,"minecraft:cobbled_deepslate":10,"minecraft:nether_brick":143,"minecraft:beetroot":6,"cataclysm:ancient_metal_block":1,"minecraft:rotten_flesh":2,"minecraft:oak_planks":16,"relics:space_dissector":1,"minecraft:nether_brick_fence":4,"minecraft:chest":1,"minecraft:basalt":12,"minecraft:iron_bars":2,"doom:soulcube":6,"minecraft:ghast_tear":1,"minecraft:quartz":22,"minecraft:netherrack":1787,"minecraft:enchanting_table":1,"minecraft:enchanted_book":8,"minecraft:water_bucket":1,"minecraft:iron_ingot":26,"minecraft:oak_slab":8,"minecraft:wheat_seeds":3,"minecraft:polished_blackstone":2,"minecraft:golden_horse_armor":1,"cataclysm:athame":2,"minecraft:iron_helmet":3,"minecraft:cobblestone":71,"minecraft:apple":4,"minecraft:stick":15,"minecraft:polished_blackstone_stairs":3,"doom:chaingunbullets":10,"stalwart_dungeons:blaze_armor_scrap":5,"relics:bastion_ring":1,"stalwart_dungeons:soul_bricks":26,"irons_spellbooks:scroll":3,"minecraft:iron_block":9,"minecraft:wooden_axe":1,"minecraft:smooth_quartz":7,"minecraft:iron_door":1,"doom:argent_plate":2,"tombstone:grave_dust":26,"tacz:modern_kinetic_gun":1,"minecraft:polished_blackstone_brick_slab":2,"minecraft:iron_axe":1,"relics:researching_table":1,"minecraft:bucket":1,"tombstone:voodoo_poppet":1,"stalwart_dungeons:soul_tiles":4,"minecraft:furnace":5,"minecraft:anvil":1,"doom:inmortalsphere":1,"minecraft:soul_soil":9,"minecraft:green_terracotta":5,"cataclysm:ignitium_ingot":3,"minecraft:blaze_rod":200,"minecraft:raw_copper":80,"doom:shotgun_shells":3,"minecraft:wither_skeleton_skull":6,"minecraft:iron_boots":3,"minecraft:nether_bricks":2,"minecraft:pumpkin_seeds":6,"minecraft:blast_furnace":4,"minecraft:flint_and_steel":1,"minecraft:red_nether_brick_stairs":2,"minecraft:golden_sword":2,"tombstone:essence_of_undeath":1,"artifacts:cross_necklace":1,"minecraft:wooden_pickaxe":1,"minecraft:stone_pickaxe":1,"minecraft:raw_gold":13,"minecraft:magma_cream":1,"cataclysm:monstrous_horn":1,"doom:daisy":3,"minecraft:magma_block":3,"stalwart_dungeons:raw_tungsten":1},"minecraft:broken":{"minecraft:golden_helmet":1,"minecraft:iron_leggings":1,"stalwart_dungeons:tungsten_chestplate":1,"minecraft:diamond_pickaxe":1,"stalwart_dungeons:tungsten_helmet":1,"doom:soulcube":2,"stalwart_dungeons:tungsten_boots":1},"minecraft:killed":{"doom:possessed_scientist":7,"doom:marauder":1,"minecraft:zombified_piglin":1,"doom:cyberdemon":1,"stalwart_dungeons:awful_ghast":1,"cataclysm:netherite_monstrosity":1,"doom:pinky":11,"doom:lost_soul":6,"doom:possessed_soldier":15,"minecraft:wither":1,"doom:baron":1,"doom:turret":5,"doom:mancubus":2,"doom:cueball":4,"doom:prowler":2,"cataclysm:modern_remnant":1,"doom:arachnotroneternal":2,"doom:baron2016":1,"minecraft:piglin":3,"minecraft:pig":56,"doom:revenant":2,"doom:possessed_worker":3,"stalwart_dungeons:giddy_blaze":38,"cataclysm:ancient_remnant":1,"doom:zombieman":12,"doom:shotgunguy":6,"doom:hellknight2016":1,"doom:mechazombie":5,"minecraft:ghast":1,"doom:tentacle":9,"minecraft:blaze":14,"doom:whiplash":2,"doom:cacodemon":7,"doom:revenant2016":5,"minecraft:phantom":4,"doom:imp":17,"doom:unwilling":11,"doom:spidermastermind":1,"stalwart_dungeons:nether_wart_cocoon":12,"doom:maykr_drone":4,"doom:spectre":15,"stalwart_dungeons:reinforced_blaze":30,"doom:armoredbaron":2,"doom:gladiator":1,"doom:chaingunner":10,"cataclysm:ignited_berserker":1,"doom:archvile":3,"cataclysm:ignis":1,"tombstone:spectral_wolf":1,"minecraft:wither_skeleton":6,"doom:gargoyle":12,"doom:doom_hunter":6},"minecraft:mined":{"minecraft:red_nether_bricks":9,"minecraft:obsidian":4,"minecraft:grass_block":14,"minecraft:coal_block":1,"minecraft:soul_soil":9,"tacz:gun_smith_table":1,"minecraft:spawner":17,"minecraft:polished_blackstone_bricks":5,"minecraft:magma_block":3,"minecraft:red_nether_brick_stairs":1,"minecraft:iron_ore":17,"minecraft:cobbled_deepslate":2,"minecraft:fire":16,"minecraft:anvil":3,"minecraft:deepslate_lapis_ore":2,"minecraft:enchanting_table":2,"minecraft:iron_bars":2,"stalwart_dungeons:soul_magma_bricks":8,"minecraft:iron_block":3,"minecraft:tripwire":1,"minecraft:deepslate_redstone_ore":10,"minecraft:polished_blackstone_wall":2,"minecraft:cyan_terracotta":18,"minecraft:blackstone":9,"minecraft:crimson_nylium":3,"minecraft:soul_fire":6,"stalwart_dungeons:soul_tiles":6,"minecraft:torch":1,"minecraft:blast_furnace":11,"doom:e1m1_block11":2,"minecraft:nether_quartz_ore":25,"minecraft:cobblestone":7,"minecraft:iron_door":2,"minecraft:wall_torch":1,"minecraft:oak_log":20,"minecraft:lime_terracotta":2,"minecraft:smooth_quartz":13,"minecraft:dirt":9,"minecraft:crimson_planks":23,"minecraft:ancient_debris":17,"minecraft:netherrack":2241,"doom:e1m1_block18":2,"minecraft:oak_leaves":51,"minecraft:deepslate":45,"minecraft:nether_gold_ore":8,"stalwart_dungeons:soul_bricks":85,"minecraft:blackstone_wall":1,"minecraft:nether_bricks":29,"minecraft:red_sandstone_stairs":1,"minecraft:red_mushroom":14,"skyfall:mysterious_crate":2,"minecraft:crimson_stem":13,"doom:jump_pad":1,"minecraft:redstone_ore":2,"minecraft:furnace":8,"minecraft:green_terracotta":8,"minecraft:gold_block":26,"minecraft:nether_brick_fence":11,"minecraft:deepslate_iron_ore":30,"minecraft:stripped_oak_log":3,"minecraft:stone":200,"minecraft:smithing_table":3,"minecraft:gray_concrete":2,"minecraft:soul_sand":8,"minecraft:basalt":34,"minecraft:polished_blackstone_brick_wall":2,"relics:researching_table":2,"minecraft:crafting_table":19,"minecraft:copper_ore":26,"minecraft:tall_grass":12,"minecraft:deepslate_gold_ore":12,"minecraft:lapis_ore":3,"minecraft:polished_blackstone_brick_stairs":2,"stalwart_dungeons:tungsten_ore":39,"minecraft:coal_ore":26,"minecraft:gravel":4,"minecraft:cobweb":2,"minecraft:polished_blackstone":3,"minecraft:crimson_hyphae":2}},"DataVersion":3465}