{"stats":{"minecraft:custom":{"minecraft:time_since_rest":2959,"minecraft:sprint_one_cm":256204,"minecraft:damage_taken":4396,"minecraft:walk_one_cm":104121,"minecraft:mob_kills":26,"minecraft:drop":22,"minecraft:damage_dealt":2325,"minecraft:swim_one_cm":392349,"minecraft:interact_with_crafting_table":7,"minecraft:player_kills":6,"minecraft:fly_one_cm":360520,"minecraft:open_chest":9,"tombstone:undead_killed":5,"minecraft:crouch_one_cm":2761,"minecraft:play_time":89830,"minecraft:deaths":12,"minecraft:sneak_time":1046,"minecraft:walk_under_water_one_cm":41395,"minecraft:boat_one_cm":132456,"tombstone:tomb_raiding":6,"minecraft:jump":1578,"minecraft:leave_game":2,"minecraft:time_since_death":3710,"minecraft:walk_on_water_one_cm":59320,"minecraft:total_world_time":89830,"minecraft:damage_resisted":4,"minecraft:fall_one_cm":31374},"minecraft:crafted":{"minecraft:wooden_sword":1,"minecraft:oak_boat":1,"minecraft:oak_planks":52,"minecraft:diamond_sword":1,"minecraft:shield":2,"minecraft:crafting_table":2,"minecraft:stick":8,"minecraft:shears":1},"minecraft:used":{"minecraft:oak_planks":21,"tombstone:grave_key":1,"minecraft:golden_apple":1,"minecraft:diamond_sword":10,"minecraft:wooden_sword":4,"minecraft:dirt":8,"minecraft:potion":2,"minecraft:crafting_table":2,"minecraft:cooked_porkchop":6,"minecraft:porkchop":45,"tombstone:gift":2,"minecraft:oak_boat":4},"minecraft:killed":{"minecraft:pig":12,"stalwart_dungeons:nether_wart_cocoon":1,"doom:mechazombie":1,"stalwart_dungeons:giddy_blaze":8,"doom:lost_soul":1,"doom:possessed_soldier":1,"doom:imp":2},"minecraft:picked_up":{"minecraft:nether_wart":11,"minecraft:cooked_porkchop":7,"minecraft:enchanted_book":1,"doom:argent_energy":3,"minecraft:nether_brick":14,"minecraft:porkchop":66,"minecraft:oak_log":13,"tombstone:grave_key":1,"doom:bullets":1,"minecraft:dirt":10,"tacz:ammo":210,"minecraft:diamond":1,"minecraft:wheat_seeds":6,"tacz:modern_kinetic_gun":2,"minecraft:iron_ingot":3,"minecraft:golden_apple":2,"minecraft:oak_boat":3,"minecraft:gold_ingot":5,"minecraft:oak_sapling":1,"minecraft:blaze_rod":8,"minecraft:oak_planks":1,"minecraft:coal":1},"minecraft:killed_by":{"minecraft:player":5,"stalwart_dungeons:giddy_blaze":5,"doom:gargoyle":1},"minecraft:mined":{"minecraft:oak_sapling":1,"minecraft:grass":1,"minecraft:grass_block":5,"minecraft:oak_log":13,"minecraft:dirt":5,"minecraft:tall_grass":7,"minecraft:nether_wart":12,"minecraft:oak_leaves":2},"minecraft:dropped":{"minecraft:shield":1,"minecraft:porkchop":8,"minecraft:wheat_seeds":5,"minecraft:glass_bottle":2,"tombstone:grave_key":3,"minecraft:oak_planks":1,"tacz:modern_kinetic_gun":2,"tacz:ammo":236,"doom:powersphere":1}},"DataVersion":3465}