{"stats":{"minecraft:picked_up":{"minecraft:cooked_porkchop":1,"minecraft:porkchop":31,"minecraft:dirt":4},"minecraft:custom":{"minecraft:open_chest":4,"minecraft:time_since_rest":27699,"minecraft:crouch_one_cm":231,"minecraft:sprint_one_cm":110382,"minecraft:play_time":27699,"minecraft:damage_taken":627,"minecraft:walk_one_cm":39812,"minecraft:sneak_time":630,"minecraft:walk_under_water_one_cm":1979,"minecraft:mob_kills":12,"minecraft:jump":687,"minecraft:damage_dealt":1201,"minecraft:leave_game":7,"minecraft:walk_on_water_one_cm":9551,"minecraft:time_since_death":27699,"minecraft:total_world_time":27699,"minecraft:swim_one_cm":42349,"minecraft:fall_one_cm":8793,"minecraft:fly_one_cm":140503},"minecraft:killed":{"minecraft:pig":12},"minecraft:mined":{"minecraft:grass_block":2,"minecraft:dirt":2,"minecraft:tall_grass":1},"minecraft:used":{"minecraft:golden_sword":29,"minecraft:dirt":4,"minecraft:porkchop":25,"minecraft:cooked_porkchop":2,"tombstone:magic_scroll":4,"minecraft:golden_chestplate":1}},"DataVersion":3465}