{"stats":{"minecraft:picked_up":{"minecraft:cooked_porkchop":1,"minecraft:porkchop":12},"minecraft:custom":{"minecraft:open_chest":4,"minecraft:time_since_rest":15699,"minecraft:crouch_one_cm":120,"minecraft:sprint_one_cm":44906,"minecraft:play_time":15699,"minecraft:damage_taken":338,"minecraft:walk_one_cm":24370,"minecraft:sneak_time":432,"minecraft:walk_under_water_one_cm":1446,"minecraft:mob_kills":3,"minecraft:jump":450,"minecraft:damage_dealt":310,"minecraft:leave_game":7,"minecraft:walk_on_water_one_cm":4429,"minecraft:time_since_death":15699,"minecraft:total_world_time":15699,"minecraft:swim_one_cm":16775,"minecraft:fall_one_cm":5145,"minecraft:fly_one_cm":82262},"minecraft:killed":{"minecraft:pig":3},"minecraft:used":{"minecraft:porkchop":9,"minecraft:cooked_porkchop":2,"tombstone:magic_scroll":4,"minecraft:golden_chestplate":1}},"DataVersion":3465}